CREATE DATABASE  IF NOT EXISTS `calidadaire` /*!40100 DEFAULT CHARACTER SET utf8mb4 COLLATE utf8mb4_0900_ai_ci */ /*!80016 DEFAULT ENCRYPTION='N' */;
USE `calidadaire`;
-- MySQL dump 10.13  Distrib 8.0.17, for Win64 (x86_64)
--
-- Host: localhost    Database: calidadaire
-- ------------------------------------------------------
-- Server version	8.0.17

/*!40101 SET @OLD_CHARACTER_SET_CLIENT=@@CHARACTER_SET_CLIENT */;
/*!40101 SET @OLD_CHARACTER_SET_RESULTS=@@CHARACTER_SET_RESULTS */;
/*!40101 SET @OLD_COLLATION_CONNECTION=@@COLLATION_CONNECTION */;
/*!50503 SET NAMES utf8 */;
/*!40103 SET @OLD_TIME_ZONE=@@TIME_ZONE */;
/*!40103 SET TIME_ZONE='+00:00' */;
/*!40014 SET @OLD_UNIQUE_CHECKS=@@UNIQUE_CHECKS, UNIQUE_CHECKS=0 */;
/*!40014 SET @OLD_FOREIGN_KEY_CHECKS=@@FOREIGN_KEY_CHECKS, FOREIGN_KEY_CHECKS=0 */;
/*!40101 SET @OLD_SQL_MODE=@@SQL_MODE, SQL_MODE='NO_AUTO_VALUE_ON_ZERO' */;
/*!40111 SET @OLD_SQL_NOTES=@@SQL_NOTES, SQL_NOTES=0 */;

--
-- Table structure for table `estacion`
--

DROP TABLE IF EXISTS `estacion`;
/*!40101 SET @saved_cs_client     = @@character_set_client */;
/*!50503 SET character_set_client = utf8mb4 */;
CREATE TABLE `estacion` (
  `id` int(11) NOT NULL,
  `nombre` varchar(45) NOT NULL,
  `zona` varchar(45) DEFAULT NULL,
  PRIMARY KEY (`id`)
) ENGINE=InnoDB DEFAULT CHARSET=utf8;
/*!40101 SET character_set_client = @saved_cs_client */;

--
-- Dumping data for table `estacion`
--

LOCK TABLES `estacion` WRITE;
/*!40000 ALTER TABLE `estacion` DISABLE KEYS */;
INSERT INTO `estacion` VALUES (26,'El Picarral','Urbana'),(29,'Roger de Flor','Urbana'),(32,'Jaime Ferrán','Suburbana'),(36,'Renovales (Luis Vives)','Urbana, estación de fondo'),(37,'Las Fuentes','Urbana'),(38,'Centro','Urbana, , comercial y residencial'),(39,'Avda de Soria',''),(40,'Actur','fondo urbana');
/*!40000 ALTER TABLE `estacion` ENABLE KEYS */;
UNLOCK TABLES;

--
-- Table structure for table `medicion`
--

DROP TABLE IF EXISTS `medicion`;
/*!40101 SET @saved_cs_client     = @@character_set_client */;
/*!50503 SET character_set_client = utf8mb4 */;
CREATE TABLE `medicion` (
  `id` int(11) NOT NULL,
  `valor` double NOT NULL,
  `fecha` date NOT NULL,
  `hora` time NOT NULL,
  `idEstacion` int(11) NOT NULL,
  `tipoContaminante` varchar(5) NOT NULL,
  PRIMARY KEY (`id`),
  KEY `fk_Medida_Estacion1_idx` (`idEstacion`),
  KEY `fk_Medida_TipoSensor1_idx` (`tipoContaminante`),
  CONSTRAINT `fk_Medida_Estacion1` FOREIGN KEY (`idEstacion`) REFERENCES `estacion` (`id`),
  CONSTRAINT `fk_Medida_TipoSensor1` FOREIGN KEY (`tipoContaminante`) REFERENCES `tipocontaminante` (`tipoContaminante`)
) ENGINE=InnoDB DEFAULT CHARSET=utf8;
/*!40101 SET character_set_client = @saved_cs_client */;

--
-- Dumping data for table `medicion`
--

LOCK TABLES `medicion` WRITE;
/*!40000 ALTER TABLE `medicion` DISABLE KEYS */;
INSERT INTO `medicion` VALUES (1,6.86,'2021-05-09','00:00:00',38,'NO2'),(2,2.59,'2021-05-09','00:00:00',38,'SO2'),(3,105.76,'2021-05-09','00:00:00',38,'O3'),(4,0.12,'2021-05-09','00:00:00',38,'CO'),(5,102.5,'2021-05-08','23:00:00',38,'O3'),(6,9.55,'2021-05-08','23:00:00',38,'NO2'),(7,2.7,'2021-05-08','23:00:00',38,'SO2'),(8,0.15,'2021-05-08','23:00:00',38,'CO'),(9,3.01,'2021-05-08','22:00:00',38,'SO2'),(10,13.83,'2021-05-08','22:00:00',38,'NO2'),(11,0.14,'2021-05-08','22:00:00',38,'CO'),(12,92.89,'2021-05-08','22:00:00',38,'O3'),(13,2.45,'2021-05-08','21:00:00',38,'SO2'),(14,97.04,'2021-05-08','21:00:00',38,'O3'),(15,0.11,'2021-05-08','21:00:00',38,'CO'),(16,10.32,'2021-05-08','21:00:00',38,'NO2'),(17,0.11,'2021-05-08','20:00:00',38,'CO'),(18,2.42,'2021-05-08','20:00:00',38,'SO2'),(19,90.93,'2021-05-08','20:00:00',38,'O3'),(20,11.42,'2021-05-08','20:00:00',38,'NO2'),(21,14.65,'2021-05-08','19:00:00',38,'NO2'),(22,92.03,'2021-05-08','19:00:00',38,'O3'),(23,0.11,'2021-05-08','19:00:00',38,'CO'),(24,2.5,'2021-05-08','19:00:00',38,'SO2'),(25,2.38,'2021-05-08','18:00:00',38,'SO2'),(26,13.41,'2021-05-08','18:00:00',38,'NO2'),(27,97.4,'2021-05-08','18:00:00',38,'O3'),(28,0.11,'2021-05-08','18:00:00',38,'CO'),(29,0.11,'2021-05-08','17:00:00',38,'CO'),(30,10.33,'2021-05-08','17:00:00',38,'NO2'),(31,103.29,'2021-05-08','17:00:00',38,'O3'),(32,2.25,'2021-05-08','17:00:00',38,'SO2'),(33,9.83,'2021-05-08','16:00:00',38,'NO2'),(34,2.61,'2021-05-08','16:00:00',38,'SO2'),(35,101.51,'2021-05-08','16:00:00',38,'O3'),(36,0.11,'2021-05-08','16:00:00',38,'CO'),(37,10.36,'2021-05-08','15:00:00',38,'NO2'),(38,98.47,'2021-05-08','15:00:00',38,'O3'),(39,3.34,'2021-05-08','15:00:00',38,'SO2'),(40,0.14,'2021-05-08','15:00:00',38,'CO'),(41,0.25,'2021-05-08','14:00:00',38,'CO'),(42,90.61,'2021-05-08','14:00:00',38,'O3'),(43,3.83,'2021-05-08','14:00:00',38,'SO2'),(44,12.79,'2021-05-08','14:00:00',38,'NO2'),(45,3.95,'2021-05-08','13:00:00',38,'SO2'),(46,0.22,'2021-05-08','13:00:00',38,'CO'),(47,82.41,'2021-05-08','13:00:00',38,'O3'),(48,13.73,'2021-05-08','13:00:00',38,'NO2'),(49,12.33,'2021-05-08','12:00:00',38,'NO2'),(50,3.28,'2021-05-08','12:00:00',38,'SO2'),(51,74.96,'2021-05-08','12:00:00',38,'O3'),(52,0.2,'2021-05-08','12:00:00',38,'CO'),(53,10.16,'2021-05-08','11:00:00',38,'NO2'),(54,3.2,'2021-05-08','11:00:00',38,'SO2'),(55,0.18,'2021-05-08','11:00:00',38,'CO'),(56,71.87,'2021-05-08','11:00:00',38,'O3'),(57,3.18,'2021-05-08','10:00:00',38,'SO2'),(58,0.17,'2021-05-08','10:00:00',38,'CO'),(59,10.76,'2021-05-08','10:00:00',38,'NO2'),(60,69.27,'2021-05-08','10:00:00',38,'O3'),(61,61.55,'2021-05-08','09:00:00',38,'O3'),(62,0.16,'2021-05-08','09:00:00',38,'CO'),(63,10.56,'2021-05-08','09:00:00',38,'NO2'),(64,2.98,'2021-05-08','09:00:00',38,'SO2'),(65,56.04,'2021-05-08','08:00:00',38,'O3'),(66,2.51,'2021-05-08','08:00:00',38,'SO2'),(67,0.15,'2021-05-08','08:00:00',38,'CO'),(68,10.51,'2021-05-08','08:00:00',38,'NO2'),(69,10.96,'2021-05-08','07:00:00',38,'NO2'),(70,52.02,'2021-05-08','07:00:00',38,'O3'),(71,2.4,'2021-05-08','07:00:00',38,'SO2'),(72,0.15,'2021-05-08','07:00:00',38,'CO'),(73,53.33,'2021-05-08','06:00:00',38,'O3'),(74,10.89,'2021-05-08','06:00:00',38,'NO2'),(75,2.67,'2021-05-08','06:00:00',38,'SO2'),(76,0.13,'2021-05-08','06:00:00',38,'CO'),(77,60.77,'2021-05-08','05:00:00',38,'O3'),(78,3.12,'2021-05-08','05:00:00',38,'SO2'),(79,8.82,'2021-05-08','05:00:00',38,'NO2'),(80,0.14,'2021-05-08','05:00:00',38,'CO'),(81,3.39,'2021-05-08','04:00:00',38,'SO2'),(82,57.11,'2021-05-08','04:00:00',38,'O3'),(83,0.13,'2021-05-08','04:00:00',38,'CO'),(84,10.95,'2021-05-08','04:00:00',38,'NO2'),(85,2.87,'2021-05-08','03:00:00',38,'SO2'),(86,0.13,'2021-05-08','03:00:00',38,'CO'),(87,58.69,'2021-05-08','03:00:00',38,'O3'),(88,9.4,'2021-05-08','03:00:00',38,'NO2'),(89,12.33,'2021-05-08','02:00:00',38,'NO2'),(90,0.17,'2021-05-08','02:00:00',38,'CO'),(91,42.02,'2021-05-08','02:00:00',38,'O3'),(92,3.56,'2021-05-08','02:00:00',38,'SO2'),(93,3.26,'2021-05-08','01:00:00',38,'SO2'),(94,15.18,'2021-05-08','01:00:00',38,'NO2'),(95,0.19,'2021-05-08','01:00:00',38,'CO'),(96,36.76,'2021-05-08','01:00:00',38,'O3'),(97,23.38,'2021-05-08','00:00:00',38,'NO2'),(98,29.51,'2021-05-08','00:00:00',38,'O3'),(99,3.15,'2021-05-08','00:00:00',38,'SO2'),(100,0.24,'2021-05-08','00:00:00',38,'CO'),(101,3.43,'2021-05-07','23:00:00',38,'SO2'),(102,23.48,'2021-05-07','23:00:00',38,'O3'),(103,0.32,'2021-05-07','23:00:00',38,'CO'),(104,31.85,'2021-05-07','23:00:00',38,'NO2'),(105,0.31,'2021-05-07','22:00:00',38,'CO'),(106,46.9,'2021-05-07','22:00:00',38,'O3'),(107,3.36,'2021-05-07','22:00:00',38,'SO2'),(108,27.32,'2021-05-07','22:00:00',38,'NO2'),(109,58.39,'2021-05-07','21:00:00',38,'O3'),(110,2.69,'2021-05-07','21:00:00',38,'SO2'),(111,0.27,'2021-05-07','21:00:00',38,'CO'),(112,24.33,'2021-05-07','21:00:00',38,'NO2'),(113,3.26,'2021-05-07','20:00:00',38,'SO2'),(114,18.75,'2021-05-07','20:00:00',38,'NO2'),(115,79.12,'2021-05-07','20:00:00',38,'O3'),(116,0.18,'2021-05-07','20:00:00',38,'CO'),(117,0.14,'2021-05-07','19:00:00',38,'CO'),(118,2.51,'2021-05-07','19:00:00',38,'SO2'),(119,77.9,'2021-05-07','19:00:00',38,'O3'),(120,23.47,'2021-05-07','19:00:00',38,'NO2'),(121,2.47,'2021-05-07','18:00:00',38,'SO2'),(122,17.77,'2021-05-07','18:00:00',38,'NO2'),(123,84.25,'2021-05-07','18:00:00',38,'O3'),(124,0.14,'2021-05-07','18:00:00',38,'CO'),(125,15.12,'2021-05-07','17:00:00',38,'NO2'),(126,85.75,'2021-05-07','17:00:00',38,'O3'),(127,2.48,'2021-05-07','17:00:00',38,'SO2'),(128,0.13,'2021-05-07','17:00:00',38,'CO'),(129,2.47,'2021-05-07','16:00:00',38,'SO2'),(130,14.06,'2021-05-07','16:00:00',38,'NO2'),(131,84.04,'2021-05-07','16:00:00',38,'O3'),(132,0.13,'2021-05-07','16:00:00',38,'CO'),(133,14.75,'2021-05-07','15:00:00',38,'NO2'),(134,80.38,'2021-05-07','15:00:00',38,'O3'),(135,2.48,'2021-05-07','15:00:00',38,'SO2'),(136,0.2,'2021-05-07','15:00:00',38,'CO'),(137,3.17,'2021-05-07','14:00:00',38,'SO2'),(138,74.17,'2021-05-07','14:00:00',38,'O3'),(139,0.22,'2021-05-07','14:00:00',38,'CO'),(140,15.64,'2021-05-07','14:00:00',38,'NO2'),(141,2.73,'2021-05-07','13:00:00',38,'SO2'),(142,0.23,'2021-05-07','13:00:00',38,'CO'),(143,67.84,'2021-05-07','13:00:00',38,'O3'),(144,18.59,'2021-05-07','13:00:00',38,'NO2'),(145,15.72,'2021-05-07','12:00:00',38,'NO2'),(146,65.87,'2021-05-07','12:00:00',38,'O3'),(147,2.78,'2021-05-07','12:00:00',38,'SO2'),(148,0.22,'2021-05-07','12:00:00',38,'CO'),(149,2.75,'2021-05-07','11:00:00',38,'SO2'),(150,55.86,'2021-05-07','11:00:00',38,'O3'),(151,18.64,'2021-05-07','11:00:00',38,'NO2'),(152,0.27,'2021-05-07','11:00:00',38,'CO'),(153,2.89,'2021-05-07','10:00:00',38,'SO2'),(154,17.99,'2021-05-07','10:00:00',38,'NO2'),(155,45.69,'2021-05-07','10:00:00',38,'O3'),(156,0.23,'2021-05-07','10:00:00',38,'CO'),(157,21.47,'2021-05-07','09:00:00',38,'NO2'),(158,28.4,'2021-05-07','09:00:00',38,'O3'),(159,2.74,'2021-05-07','09:00:00',38,'SO2'),(160,0.27,'2021-05-07','09:00:00',38,'CO'),(161,18.67,'2021-05-07','08:00:00',38,'O3'),(162,2.72,'2021-05-07','08:00:00',38,'SO2'),(163,0.26,'2021-05-07','08:00:00',38,'CO'),(164,25.39,'2021-05-07','08:00:00',38,'NO2'),(165,0.24,'2021-05-07','07:00:00',38,'CO'),(166,25.87,'2021-05-07','07:00:00',38,'NO2'),(167,2.51,'2021-05-07','07:00:00',38,'SO2'),(168,15.02,'2021-05-07','07:00:00',38,'O3'),(169,36.34,'2021-05-07','06:00:00',38,'O3'),(170,0.19,'2021-05-07','06:00:00',38,'CO'),(171,2.59,'2021-05-07','06:00:00',38,'SO2'),(172,13.53,'2021-05-07','06:00:00',38,'NO2'),(173,9.65,'2021-05-07','05:00:00',38,'NO2'),(174,46.13,'2021-05-07','05:00:00',38,'O3'),(175,2.53,'2021-05-07','05:00:00',38,'SO2'),(176,0.17,'2021-05-07','05:00:00',38,'CO'),(177,0.15,'2021-05-07','04:00:00',38,'CO'),(178,2.4,'2021-05-07','04:00:00',38,'SO2'),(179,9.1,'2021-05-07','04:00:00',38,'NO2'),(180,45.6,'2021-05-07','04:00:00',38,'O3'),(181,2.46,'2021-05-07','03:00:00',38,'SO2'),(182,50,'2021-05-07','03:00:00',38,'O3'),(183,0.14,'2021-05-07','03:00:00',38,'CO'),(184,8.69,'2021-05-07','03:00:00',38,'NO2'),(185,52.82,'2021-05-07','02:00:00',38,'O3'),(186,9.7,'2021-05-07','02:00:00',38,'NO2'),(187,0.18,'2021-05-07','02:00:00',38,'CO'),(188,2.56,'2021-05-07','02:00:00',38,'SO2'),(189,49.77,'2021-05-07','01:00:00',38,'O3'),(190,2.46,'2021-05-07','01:00:00',38,'SO2'),(191,0.2,'2021-05-07','01:00:00',38,'CO'),(192,11.63,'2021-05-07','01:00:00',38,'NO2'),(193,18.94,'2021-05-07','00:00:00',38,'NO2'),(194,0.23,'2021-05-07','00:00:00',38,'CO'),(195,2.69,'2021-05-07','00:00:00',38,'SO2'),(196,43.21,'2021-05-07','00:00:00',38,'O3'),(197,29.01,'2021-05-06','23:00:00',38,'O3'),(198,31.57,'2021-05-06','23:00:00',38,'NO2'),(199,3,'2021-05-06','23:00:00',38,'SO2'),(200,0.3,'2021-05-06','23:00:00',38,'CO'),(201,45.47,'2021-05-06','22:00:00',38,'O3'),(202,2.89,'2021-05-06','22:00:00',38,'SO2'),(203,0.29,'2021-05-06','22:00:00',38,'CO'),(204,27.33,'2021-05-06','22:00:00',38,'NO2'),(205,4.33,'2021-05-06','21:00:00',38,'SO2'),(206,21.12,'2021-05-06','21:00:00',38,'NO2'),(207,66.62,'2021-05-06','21:00:00',38,'O3'),(208,0.2,'2021-05-06','21:00:00',38,'CO'),(209,2.7,'2021-05-06','20:00:00',38,'SO2'),(210,19.5,'2021-05-06','20:00:00',38,'NO2'),(211,78.83,'2021-05-06','20:00:00',38,'O3'),(212,0.17,'2021-05-06','20:00:00',38,'CO'),(213,79.92,'2021-05-06','19:00:00',38,'O3'),(214,2.59,'2021-05-06','19:00:00',38,'SO2'),(215,21.68,'2021-05-06','19:00:00',38,'NO2'),(216,0.16,'2021-05-06','19:00:00',38,'CO'),(217,19.02,'2021-05-06','18:00:00',38,'NO2'),(218,86.5,'2021-05-06','18:00:00',38,'O3'),(219,0.13,'2021-05-06','18:00:00',38,'CO'),(220,2.48,'2021-05-06','18:00:00',38,'SO2'),(221,0.14,'2021-05-06','17:00:00',38,'CO'),(222,91.71,'2021-05-06','17:00:00',38,'O3'),(223,2.49,'2021-05-06','17:00:00',38,'SO2'),(224,14.14,'2021-05-06','17:00:00',38,'NO2'),(225,2.58,'2021-05-06','16:00:00',38,'SO2'),(226,92.58,'2021-05-06','16:00:00',38,'O3'),(227,13.74,'2021-05-06','16:00:00',38,'NO2'),(228,0.14,'2021-05-06','16:00:00',38,'CO'),(229,0.16,'2021-05-06','15:00:00',38,'CO'),(230,14.99,'2021-05-06','15:00:00',38,'NO2'),(231,91.72,'2021-05-06','15:00:00',38,'O3'),(232,3.07,'2021-05-06','15:00:00',38,'SO2'),(233,4.05,'2021-05-06','14:00:00',38,'SO2'),(234,14.63,'2021-05-06','14:00:00',38,'NO2'),(235,0.24,'2021-05-06','14:00:00',38,'CO'),(236,88.75,'2021-05-06','14:00:00',38,'O3'),(237,5.09,'2021-05-06','13:00:00',38,'SO2'),(238,19.99,'2021-05-06','13:00:00',38,'NO2'),(239,0.26,'2021-05-06','13:00:00',38,'CO'),(240,71.18,'2021-05-06','13:00:00',38,'O3'),(241,18.89,'2021-05-06','12:00:00',38,'NO2'),(242,57.99,'2021-05-06','12:00:00',38,'O3'),(243,6.79,'2021-05-06','12:00:00',38,'SO2'),(244,0.27,'2021-05-06','12:00:00',38,'CO'),(245,43.03,'2021-05-06','11:00:00',38,'O3'),(246,0.27,'2021-05-06','11:00:00',38,'CO'),(247,21.9,'2021-05-06','11:00:00',38,'NO2'),(248,8.64,'2021-05-06','11:00:00',38,'SO2'),(249,8.23,'2021-05-06','10:00:00',38,'SO2'),(250,21.78,'2021-05-06','10:00:00',38,'NO2'),(251,29.03,'2021-05-06','10:00:00',38,'O3'),(252,0.28,'2021-05-06','10:00:00',38,'CO'),(253,0.37,'2021-05-06','09:00:00',38,'CO'),(254,13.71,'2021-05-06','09:00:00',38,'O3'),(255,4.19,'2021-05-06','09:00:00',38,'SO2'),(256,25.64,'2021-05-06','09:00:00',38,'NO2'),(257,0.21,'2021-05-06','07:00:00',38,'CO'),(258,9,'2021-05-06','07:00:00',38,'O3'),(259,2.93,'2021-05-06','07:00:00',38,'SO2'),(260,24.74,'2021-05-06','07:00:00',38,'NO2'),(261,0.17,'2021-05-06','06:00:00',38,'CO'),(262,2.44,'2021-05-06','06:00:00',38,'SO2'),(263,16.29,'2021-05-06','06:00:00',38,'O3'),(264,19.52,'2021-05-06','06:00:00',38,'NO2'),(265,27.12,'2021-05-06','05:00:00',38,'O3'),(266,15.67,'2021-05-06','05:00:00',38,'NO2'),(267,0.15,'2021-05-06','05:00:00',38,'CO'),(268,2.71,'2021-05-06','05:00:00',38,'SO2'),(269,32.8,'2021-05-06','04:00:00',38,'O3'),(270,2.43,'2021-05-06','04:00:00',38,'SO2'),(271,0.15,'2021-05-06','04:00:00',38,'CO'),(272,13.97,'2021-05-06','04:00:00',38,'NO2'),(273,2.3,'2021-05-06','03:00:00',38,'SO2'),(274,0.12,'2021-05-06','03:00:00',38,'CO'),(275,11.41,'2021-05-06','03:00:00',38,'NO2'),(276,46.23,'2021-05-06','03:00:00',38,'O3'),(277,50.31,'2021-05-06','02:00:00',38,'O3'),(278,2.24,'2021-05-06','02:00:00',38,'SO2'),(279,10.94,'2021-05-06','02:00:00',38,'NO2'),(280,0.14,'2021-05-06','02:00:00',38,'CO'),(281,53.3,'2021-05-06','01:00:00',38,'O3'),(282,0.15,'2021-05-06','01:00:00',38,'CO'),(283,2.27,'2021-05-06','01:00:00',38,'SO2'),(284,9.69,'2021-05-06','01:00:00',38,'NO2'),(285,44.65,'2021-05-06','00:00:00',38,'O3'),(286,16.17,'2021-05-06','00:00:00',38,'NO2'),(287,0.18,'2021-05-06','00:00:00',38,'CO'),(288,2.26,'2021-05-06','00:00:00',38,'SO2'),(289,0.2,'2021-05-05','23:00:00',38,'CO'),(290,48.34,'2021-05-05','23:00:00',38,'O3'),(291,2.42,'2021-05-05','23:00:00',38,'SO2'),(292,18.68,'2021-05-05','23:00:00',38,'NO2'),(293,52.06,'2021-05-05','22:00:00',38,'O3'),(294,19.47,'2021-05-05','22:00:00',38,'NO2'),(295,2.33,'2021-05-05','22:00:00',38,'SO2'),(296,0.22,'2021-05-05','22:00:00',38,'CO'),(297,15.9,'2021-05-05','21:00:00',38,'NO2'),(298,65,'2021-05-05','21:00:00',38,'O3'),(299,2.45,'2021-05-05','21:00:00',38,'SO2'),(300,0.22,'2021-05-05','21:00:00',38,'CO'),(301,70.35,'2021-05-05','20:00:00',38,'O3'),(302,2.27,'2021-05-05','20:00:00',38,'SO2'),(303,14.83,'2021-05-05','20:00:00',38,'NO2'),(304,0.2,'2021-05-05','20:00:00',38,'CO'),(305,72.12,'2021-05-05','19:00:00',38,'O3'),(306,2.23,'2021-05-05','19:00:00',38,'SO2'),(307,14.08,'2021-05-05','19:00:00',38,'NO2'),(308,0.34,'2021-05-05','19:00:00',38,'CO'),(309,13.99,'2021-05-05','18:00:00',38,'NO2'),(310,72.26,'2021-05-05','18:00:00',38,'O3'),(311,2.17,'2021-05-05','18:00:00',38,'SO2'),(312,0.17,'2021-05-05','18:00:00',38,'CO'),(313,0.14,'2021-05-05','17:00:00',38,'CO'),(314,14.37,'2021-05-05','17:00:00',38,'NO2'),(315,71.47,'2021-05-05','17:00:00',38,'O3'),(316,2.13,'2021-05-05','17:00:00',38,'SO2'),(317,11.24,'2021-05-05','16:00:00',38,'NO2'),(318,76.46,'2021-05-05','16:00:00',38,'O3'),(319,2.19,'2021-05-05','16:00:00',38,'SO2'),(320,0.14,'2021-05-05','16:00:00',38,'CO'),(321,76.44,'2021-05-05','15:00:00',38,'O3'),(322,2.19,'2021-05-05','15:00:00',38,'SO2'),(323,0.18,'2021-05-05','15:00:00',38,'CO'),(324,11.51,'2021-05-05','15:00:00',38,'NO2'),(325,0.24,'2021-05-05','14:00:00',38,'CO'),(326,73.49,'2021-05-05','14:00:00',38,'O3'),(327,14.67,'2021-05-05','14:00:00',38,'NO2'),(328,2.32,'2021-05-05','14:00:00',38,'SO2'),(329,0.24,'2021-05-05','13:00:00',38,'CO'),(330,15.44,'2021-05-05','13:00:00',38,'NO2'),(331,70.58,'2021-05-05','13:00:00',38,'O3'),(332,2.61,'2021-05-05','13:00:00',38,'SO2'),(333,0.21,'2021-05-05','12:00:00',38,'CO'),(334,71.06,'2021-05-05','12:00:00',38,'O3'),(335,2.54,'2021-05-05','12:00:00',38,'SO2'),(336,13.59,'2021-05-05','12:00:00',38,'NO2'),(337,67,'2021-05-05','11:00:00',38,'O3'),(338,0.18,'2021-05-05','11:00:00',38,'CO'),(339,2.81,'2021-05-05','11:00:00',38,'SO2'),(340,13.76,'2021-05-05','11:00:00',38,'NO2'),(341,0.18,'2021-05-05','10:00:00',38,'CO'),(342,60.6,'2021-05-05','10:00:00',38,'O3'),(343,2.69,'2021-05-05','10:00:00',38,'SO2'),(344,14.92,'2021-05-05','10:00:00',38,'NO2'),(345,0.19,'2021-05-05','09:00:00',38,'CO'),(346,49.25,'2021-05-05','09:00:00',38,'O3'),(347,2.98,'2021-05-05','09:00:00',38,'SO2'),(348,18.94,'2021-05-05','09:00:00',38,'NO2'),(349,2.65,'2021-05-05','08:00:00',38,'SO2'),(350,20.05,'2021-05-05','08:00:00',38,'NO2'),(351,46.2,'2021-05-05','08:00:00',38,'O3'),(352,0.21,'2021-05-05','08:00:00',38,'CO'),(353,2.56,'2021-05-05','07:00:00',38,'SO2'),(354,0.18,'2021-05-05','07:00:00',38,'CO'),(355,16.78,'2021-05-05','07:00:00',38,'NO2'),(356,50.18,'2021-05-05','07:00:00',38,'O3'),(357,11.57,'2021-05-05','06:00:00',38,'NO2'),(358,60.33,'2021-05-05','06:00:00',38,'O3'),(359,0.15,'2021-05-05','06:00:00',38,'CO'),(360,2.41,'2021-05-05','06:00:00',38,'SO2'),(361,65.6,'2021-05-05','05:00:00',38,'O3'),(362,2.38,'2021-05-05','05:00:00',38,'SO2'),(363,9.21,'2021-05-05','05:00:00',38,'NO2'),(364,0.14,'2021-05-05','05:00:00',38,'CO'),(365,2.51,'2021-05-05','04:00:00',38,'SO2'),(366,72.03,'2021-05-05','04:00:00',38,'O3'),(367,0.13,'2021-05-05','04:00:00',38,'CO'),(368,7.7,'2021-05-05','04:00:00',38,'NO2'),(369,77.92,'2021-05-05','03:00:00',38,'O3'),(370,0.12,'2021-05-05','03:00:00',38,'CO'),(371,2.63,'2021-05-05','03:00:00',38,'SO2'),(372,8.42,'2021-05-05','03:00:00',38,'NO2'),(373,0.15,'2021-05-05','02:00:00',38,'CO'),(374,8.69,'2021-05-05','02:00:00',38,'NO2'),(375,84.46,'2021-05-05','02:00:00',38,'O3'),(376,2.59,'2021-05-05','02:00:00',38,'SO2'),(377,2.57,'2021-05-05','01:00:00',38,'SO2'),(378,10.19,'2021-05-05','01:00:00',38,'NO2'),(379,0.16,'2021-05-05','01:00:00',38,'CO'),(380,79.55,'2021-05-05','01:00:00',38,'O3'),(381,16.71,'2021-05-05','00:00:00',38,'NO2'),(382,3.84,'2021-05-05','00:00:00',38,'SO2'),(383,0.18,'2021-05-05','00:00:00',38,'CO'),(384,60.7,'2021-05-05','00:00:00',38,'O3'),(385,3.11,'2021-05-04','23:00:00',38,'SO2'),(386,0.28,'2021-05-04','23:00:00',38,'CO'),(387,28.18,'2021-05-04','23:00:00',38,'NO2'),(388,40.65,'2021-05-04','23:00:00',38,'O3'),(389,2.9,'2021-05-04','22:00:00',38,'SO2'),(390,0.33,'2021-05-04','22:00:00',38,'CO'),(391,40.91,'2021-05-04','22:00:00',38,'NO2'),(392,41.8,'2021-05-04','22:00:00',38,'O3'),(393,2.86,'2021-05-04','21:00:00',38,'SO2'),(394,0.29,'2021-05-04','21:00:00',38,'CO'),(395,27.68,'2021-05-04','21:00:00',38,'NO2'),(396,70.84,'2021-05-04','21:00:00',38,'O3'),(397,2.44,'2021-05-04','20:00:00',38,'SO2'),(398,21.34,'2021-05-04','20:00:00',38,'NO2'),(399,87.39,'2021-05-04','20:00:00',38,'O3'),(400,0.2,'2021-05-04','20:00:00',38,'CO'),(401,95.17,'2021-05-04','19:00:00',38,'O3'),(402,0.2,'2021-05-04','19:00:00',38,'CO'),(403,2.13,'2021-05-04','19:00:00',38,'SO2'),(404,19.57,'2021-05-04','19:00:00',38,'NO2'),(405,2.19,'2021-05-04','18:00:00',38,'SO2'),(406,0.2,'2021-05-04','18:00:00',38,'CO'),(407,17.9,'2021-05-04','18:00:00',38,'NO2'),(408,100.18,'2021-05-04','18:00:00',38,'O3'),(409,2.31,'2021-05-04','17:00:00',38,'SO2'),(410,17.2,'2021-05-04','17:00:00',38,'NO2'),(411,101.28,'2021-05-04','17:00:00',38,'O3'),(412,0.18,'2021-05-04','17:00:00',38,'CO'),(413,0.17,'2021-05-04','16:00:00',38,'CO'),(414,103.05,'2021-05-04','16:00:00',38,'O3'),(415,2.56,'2021-05-04','16:00:00',38,'SO2'),(416,14.57,'2021-05-04','16:00:00',38,'NO2'),(417,101.72,'2021-05-04','15:00:00',38,'O3'),(418,0.21,'2021-05-04','15:00:00',38,'CO'),(419,2.68,'2021-05-04','15:00:00',38,'SO2'),(420,14.23,'2021-05-04','15:00:00',38,'NO2'),(421,16.26,'2021-05-04','14:00:00',38,'NO2'),(422,2.86,'2021-05-04','14:00:00',38,'SO2'),(423,92.4,'2021-05-04','14:00:00',38,'O3'),(424,0.26,'2021-05-04','14:00:00',38,'CO'),(425,3.14,'2021-05-04','13:00:00',38,'SO2'),(426,15.36,'2021-05-04','13:00:00',38,'NO2'),(427,82.38,'2021-05-04','13:00:00',38,'O3'),(428,0.24,'2021-05-04','13:00:00',38,'CO'),(429,18.47,'2021-05-04','12:00:00',38,'NO2'),(430,64.66,'2021-05-04','12:00:00',38,'O3'),(431,3.22,'2021-05-04','12:00:00',38,'SO2'),(432,0.24,'2021-05-04','12:00:00',38,'CO'),(433,51.04,'2021-05-04','11:00:00',38,'O3'),(434,3.8,'2021-05-04','11:00:00',38,'SO2'),(435,0.23,'2021-05-04','11:00:00',38,'CO'),(436,21.13,'2021-05-04','11:00:00',38,'NO2'),(437,22.51,'2021-05-04','10:00:00',38,'NO2'),(438,42.47,'2021-05-04','10:00:00',38,'O3'),(439,3.68,'2021-05-04','10:00:00',38,'SO2'),(440,0.26,'2021-05-04','10:00:00',38,'CO'),(441,3.18,'2021-05-04','09:00:00',38,'SO2'),(442,22.14,'2021-05-04','09:00:00',38,'NO2'),(443,38.72,'2021-05-04','09:00:00',38,'O3'),(444,0.28,'2021-05-04','09:00:00',38,'CO'),(445,26.76,'2021-05-04','08:00:00',38,'NO2'),(446,26.54,'2021-05-04','08:00:00',38,'O3'),(447,3.38,'2021-05-04','08:00:00',38,'SO2'),(448,0.29,'2021-05-04','08:00:00',38,'CO'),(449,20.62,'2021-05-04','07:00:00',38,'NO2'),(450,35.58,'2021-05-04','07:00:00',38,'O3'),(451,4.09,'2021-05-04','07:00:00',38,'SO2'),(452,0.22,'2021-05-04','07:00:00',38,'CO'),(453,14.38,'2021-05-04','06:00:00',38,'NO2'),(454,43.09,'2021-05-04','06:00:00',38,'O3'),(455,0.16,'2021-05-04','06:00:00',38,'CO'),(456,3.17,'2021-05-04','06:00:00',38,'SO2'),(457,54.82,'2021-05-04','05:00:00',38,'O3'),(458,2.65,'2021-05-04','05:00:00',38,'SO2'),(459,11.53,'2021-05-04','05:00:00',38,'NO2'),(460,0.16,'2021-05-04','05:00:00',38,'CO'),(461,61.94,'2021-05-04','04:00:00',38,'O3'),(462,2.55,'2021-05-04','04:00:00',38,'SO2'),(463,10.29,'2021-05-04','04:00:00',38,'NO2'),(464,0.14,'2021-05-04','04:00:00',38,'CO'),(465,57.35,'2021-05-04','03:00:00',38,'O3'),(466,9.99,'2021-05-04','03:00:00',38,'NO2'),(467,0.14,'2021-05-04','03:00:00',38,'CO'),(468,2.76,'2021-05-04','03:00:00',38,'SO2'),(469,2.88,'2021-05-04','02:00:00',38,'SO2'),(470,34.39,'2021-05-04','02:00:00',38,'O3'),(471,0.21,'2021-05-04','02:00:00',38,'CO'),(472,12.31,'2021-05-04','02:00:00',38,'NO2'),(473,41.01,'2021-05-04','01:00:00',38,'O3'),(474,13.96,'2021-05-04','01:00:00',38,'NO2'),(475,0.22,'2021-05-04','01:00:00',38,'CO'),(476,3.01,'2021-05-04','01:00:00',38,'SO2'),(477,14.35,'2021-05-04','00:00:00',38,'NO2'),(478,44.29,'2021-05-04','00:00:00',38,'O3'),(479,3,'2021-05-04','00:00:00',38,'SO2'),(480,0.23,'2021-05-04','00:00:00',38,'CO'),(481,3.06,'2021-05-03','23:00:00',38,'SO2'),(482,24.63,'2021-05-03','23:00:00',38,'NO2'),(483,0.28,'2021-05-03','23:00:00',38,'CO'),(484,40.95,'2021-05-03','23:00:00',38,'O3'),(485,0.28,'2021-05-03','22:00:00',38,'CO'),(486,48.98,'2021-05-03','22:00:00',38,'O3'),(487,2.92,'2021-05-03','22:00:00',38,'SO2'),(488,23.53,'2021-05-03','22:00:00',38,'NO2'),(489,21.24,'2021-05-03','21:00:00',38,'NO2'),(490,60.34,'2021-05-03','21:00:00',38,'O3'),(491,0.28,'2021-05-03','21:00:00',38,'CO'),(492,3.76,'2021-05-03','21:00:00',38,'SO2'),(493,67.7,'2021-05-03','20:00:00',38,'O3'),(494,3.58,'2021-05-03','20:00:00',38,'SO2'),(495,24.12,'2021-05-03','20:00:00',38,'NO2'),(496,0.31,'2021-05-03','20:00:00',38,'CO'),(497,76.78,'2021-05-03','19:00:00',38,'O3'),(498,3.11,'2021-05-03','19:00:00',38,'SO2'),(499,0.26,'2021-05-03','19:00:00',38,'CO'),(500,21.31,'2021-05-03','19:00:00',38,'NO2'),(501,2.54,'2021-05-03','18:00:00',38,'SO2'),(502,0.25,'2021-05-03','18:00:00',38,'CO'),(503,84.13,'2021-05-03','18:00:00',38,'O3'),(504,16.67,'2021-05-03','18:00:00',38,'NO2'),(505,2.54,'2021-05-03','17:00:00',38,'SO2'),(506,0.28,'2021-05-03','17:00:00',38,'CO'),(507,84.79,'2021-05-03','17:00:00',38,'O3'),(508,14.8,'2021-05-03','17:00:00',38,'NO2'),(509,91.02,'2021-05-03','16:00:00',38,'O3'),(510,2.69,'2021-05-03','16:00:00',38,'SO2'),(511,11.88,'2021-05-03','16:00:00',38,'NO2'),(512,0.24,'2021-05-03','16:00:00',38,'CO'),(513,0.28,'2021-05-03','15:00:00',38,'CO'),(514,2.6,'2021-05-03','15:00:00',38,'SO2'),(515,14.79,'2021-05-03','15:00:00',38,'NO2'),(516,84.93,'2021-05-03','15:00:00',38,'O3'),(517,0.38,'2021-05-03','14:00:00',38,'CO'),(518,81.68,'2021-05-03','14:00:00',38,'O3'),(519,2.7,'2021-05-03','14:00:00',38,'SO2'),(520,15.82,'2021-05-03','14:00:00',38,'NO2'),(521,0.25,'2021-05-03','13:00:00',38,'CO'),(522,13,'2021-05-03','13:00:00',38,'NO2'),(523,89.15,'2021-05-03','13:00:00',38,'O3'),(524,3.55,'2021-05-03','13:00:00',38,'SO2'),(525,3.97,'2021-05-03','12:00:00',38,'SO2'),(526,13.52,'2021-05-03','12:00:00',38,'NO2'),(527,0.24,'2021-05-03','12:00:00',38,'CO'),(528,85.56,'2021-05-03','12:00:00',38,'O3'),(529,83.25,'2021-05-03','11:00:00',38,'O3'),(530,3.76,'2021-05-03','11:00:00',38,'SO2'),(531,0.25,'2021-05-03','11:00:00',38,'CO'),(532,14.61,'2021-05-03','11:00:00',38,'NO2'),(533,0.27,'2021-05-03','10:00:00',38,'CO'),(534,59.41,'2021-05-03','10:00:00',38,'O3'),(535,4.16,'2021-05-03','10:00:00',38,'SO2'),(536,20.91,'2021-05-03','10:00:00',38,'NO2'),(537,3.86,'2021-05-03','09:00:00',38,'SO2'),(538,42.58,'2021-05-03','09:00:00',38,'O3'),(539,0.27,'2021-05-03','09:00:00',38,'CO'),(540,24.19,'2021-05-03','09:00:00',38,'NO2'),(541,2.97,'2021-05-03','08:00:00',38,'SO2'),(542,0.29,'2021-05-03','08:00:00',38,'CO'),(543,31.86,'2021-05-03','08:00:00',38,'NO2'),(544,20.99,'2021-05-03','08:00:00',38,'O3'),(545,30.8,'2021-05-03','07:00:00',38,'O3'),(546,2.76,'2021-05-03','07:00:00',38,'SO2'),(547,0.23,'2021-05-03','07:00:00',38,'CO'),(548,24.17,'2021-05-03','07:00:00',38,'NO2'),(549,48.99,'2021-05-03','06:00:00',38,'O3'),(550,0.19,'2021-05-03','06:00:00',38,'CO'),(551,2.42,'2021-05-03','06:00:00',38,'SO2'),(552,17.28,'2021-05-03','06:00:00',38,'NO2'),(553,0.17,'2021-05-03','05:00:00',38,'CO'),(554,11.36,'2021-05-03','05:00:00',38,'NO2'),(555,52.41,'2021-05-03','05:00:00',38,'O3'),(556,2.43,'2021-05-03','05:00:00',38,'SO2'),(557,64.22,'2021-05-03','04:00:00',38,'O3'),(558,2.46,'2021-05-03','04:00:00',38,'SO2'),(559,0.16,'2021-05-03','04:00:00',38,'CO'),(560,10.75,'2021-05-03','04:00:00',38,'NO2'),(561,75.2,'2021-05-03','03:00:00',38,'O3'),(562,8.49,'2021-05-03','03:00:00',38,'NO2'),(563,2.32,'2021-05-03','03:00:00',38,'SO2'),(564,0.14,'2021-05-03','03:00:00',38,'CO'),(565,10.08,'2021-05-03','02:00:00',38,'NO2'),(566,0.15,'2021-05-03','02:00:00',38,'CO'),(567,2.56,'2021-05-03','02:00:00',38,'SO2'),(568,69.67,'2021-05-03','02:00:00',38,'O3'),(569,9.6,'2021-05-03','01:00:00',38,'NO2'),(570,2.34,'2021-05-03','01:00:00',38,'SO2'),(571,0.15,'2021-05-03','01:00:00',38,'CO'),(572,68.93,'2021-05-03','01:00:00',38,'O3'),(573,0.14,'2021-05-03','00:00:00',38,'CO'),(574,9.95,'2021-05-03','00:00:00',38,'NO2'),(575,2.36,'2021-05-03','00:00:00',38,'SO2'),(576,71.35,'2021-05-03','00:00:00',38,'O3'),(577,3.8,'2021-05-09','00:00:00',37,'SO2'),(578,0.1,'2021-05-09','00:00:00',37,'CO'),(579,7.19,'2021-05-09','00:00:00',37,'NO2'),(580,107.68,'2021-05-09','00:00:00',37,'O3'),(581,108.39,'2021-05-08','23:00:00',37,'O3'),(582,3.17,'2021-05-08','23:00:00',37,'SO2'),(583,8.59,'2021-05-08','23:00:00',37,'NO2'),(584,0.11,'2021-05-08','23:00:00',37,'CO'),(585,9.32,'2021-05-08','22:00:00',37,'NO2'),(586,4.35,'2021-05-08','22:00:00',37,'SO2'),(587,0.1,'2021-05-08','22:00:00',37,'CO'),(588,105.95,'2021-05-08','22:00:00',37,'O3'),(589,4.21,'2021-05-08','21:00:00',37,'SO2'),(590,8.72,'2021-05-08','21:00:00',37,'NO2'),(591,0.1,'2021-05-08','21:00:00',37,'CO'),(592,103.41,'2021-05-08','21:00:00',37,'O3'),(593,9.65,'2021-05-08','20:00:00',37,'NO2'),(594,4.15,'2021-05-08','20:00:00',37,'SO2'),(595,98.09,'2021-05-08','20:00:00',37,'O3'),(596,0.1,'2021-05-08','20:00:00',37,'CO'),(597,5.3,'2021-05-08','19:00:00',37,'SO2'),(598,101.78,'2021-05-08','19:00:00',37,'O3'),(599,0.1,'2021-05-08','19:00:00',37,'CO'),(600,10.35,'2021-05-08','19:00:00',37,'NO2'),(601,0.11,'2021-05-08','18:00:00',37,'CO'),(602,10,'2021-05-08','18:00:00',37,'NO2'),(603,104.6,'2021-05-08','18:00:00',37,'O3'),(604,4.25,'2021-05-08','18:00:00',37,'SO2'),(605,8.48,'2021-05-08','17:00:00',37,'NO2'),(606,107.45,'2021-05-08','17:00:00',37,'O3'),(607,0.11,'2021-05-08','17:00:00',37,'CO'),(608,4.22,'2021-05-08','17:00:00',37,'SO2'),(609,8.84,'2021-05-08','16:00:00',37,'NO2'),(610,103.35,'2021-05-08','16:00:00',37,'O3'),(611,4.13,'2021-05-08','16:00:00',37,'SO2'),(612,0.1,'2021-05-08','16:00:00',37,'CO'),(613,99.49,'2021-05-08','15:00:00',37,'O3'),(614,4.85,'2021-05-08','15:00:00',37,'SO2'),(615,0.1,'2021-05-08','15:00:00',37,'CO'),(616,8.9,'2021-05-08','15:00:00',37,'NO2'),(617,10.42,'2021-05-08','14:00:00',37,'NO2'),(618,91.93,'2021-05-08','14:00:00',37,'O3'),(619,5.75,'2021-05-08','14:00:00',37,'SO2'),(620,0.12,'2021-05-08','14:00:00',37,'CO'),(621,5.71,'2021-05-08','13:00:00',37,'SO2'),(622,0.14,'2021-05-08','13:00:00',37,'CO'),(623,11.78,'2021-05-08','13:00:00',37,'NO2'),(624,82.59,'2021-05-08','13:00:00',37,'O3'),(625,10.8,'2021-05-08','12:00:00',37,'NO2'),(626,75.66,'2021-05-08','12:00:00',37,'O3'),(627,4.64,'2021-05-08','12:00:00',37,'SO2'),(628,0.15,'2021-05-08','12:00:00',37,'CO'),(629,70.93,'2021-05-08','11:00:00',37,'O3'),(630,4.94,'2021-05-08','11:00:00',37,'SO2'),(631,0.16,'2021-05-08','11:00:00',37,'CO'),(632,10.65,'2021-05-08','11:00:00',37,'NO2'),(633,71.6,'2021-05-08','10:00:00',37,'O3'),(634,4.13,'2021-05-08','10:00:00',37,'SO2'),(635,0.16,'2021-05-08','10:00:00',37,'CO'),(636,9.27,'2021-05-08','10:00:00',37,'NO2'),(637,3.19,'2021-05-08','09:00:00',37,'SO2'),(638,10.86,'2021-05-08','09:00:00',37,'NO2'),(639,62.68,'2021-05-08','09:00:00',37,'O3'),(640,0.18,'2021-05-08','09:00:00',37,'CO'),(641,53.21,'2021-05-08','08:00:00',37,'O3'),(642,0.17,'2021-05-08','08:00:00',37,'CO'),(643,4.41,'2021-05-08','08:00:00',37,'SO2'),(644,11.16,'2021-05-08','08:00:00',37,'NO2'),(645,13.07,'2021-05-08','07:00:00',37,'NO2'),(646,47.08,'2021-05-08','07:00:00',37,'O3'),(647,4.35,'2021-05-08','07:00:00',37,'SO2'),(648,0.16,'2021-05-08','07:00:00',37,'CO'),(649,0.17,'2021-05-08','06:00:00',37,'CO'),(650,15.22,'2021-05-08','06:00:00',37,'NO2'),(651,48.31,'2021-05-08','06:00:00',37,'O3'),(652,3.41,'2021-05-08','06:00:00',37,'SO2'),(653,0.16,'2021-05-08','05:00:00',37,'CO'),(654,52.28,'2021-05-08','05:00:00',37,'O3'),(655,3.78,'2021-05-08','05:00:00',37,'SO2'),(656,17.24,'2021-05-08','05:00:00',37,'NO2'),(657,53.94,'2021-05-08','04:00:00',37,'O3'),(658,3.82,'2021-05-08','04:00:00',37,'SO2'),(659,14.99,'2021-05-08','04:00:00',37,'NO2'),(660,0.15,'2021-05-08','04:00:00',37,'CO'),(661,3.44,'2021-05-08','03:00:00',37,'SO2'),(662,15.02,'2021-05-08','03:00:00',37,'NO2'),(663,0.14,'2021-05-08','03:00:00',37,'CO'),(664,51.58,'2021-05-08','03:00:00',37,'O3'),(665,23.48,'2021-05-08','02:00:00',37,'NO2'),(666,0.12,'2021-05-08','02:00:00',37,'CO'),(667,3.89,'2021-05-08','02:00:00',37,'SO2'),(668,30.19,'2021-05-08','02:00:00',37,'O3'),(669,5.09,'2021-05-08','01:00:00',37,'SO2'),(670,36.22,'2021-05-08','01:00:00',37,'NO2'),(671,0.18,'2021-05-08','01:00:00',37,'CO'),(672,22.33,'2021-05-08','01:00:00',37,'O3'),(673,4.16,'2021-05-08','00:00:00',37,'SO2'),(674,0.21,'2021-05-08','00:00:00',37,'CO'),(675,37.22,'2021-05-08','00:00:00',37,'NO2'),(676,27.95,'2021-05-08','00:00:00',37,'O3'),(677,89.59,'2021-05-07','23:00:00',37,'NO2'),(678,3.5,'2021-05-07','23:00:00',37,'O3'),(679,4.08,'2021-05-07','23:00:00',37,'SO2'),(680,0.37,'2021-05-07','23:00:00',37,'CO'),(681,4.2,'2021-05-07','22:00:00',37,'SO2'),(682,0.35,'2021-05-07','22:00:00',37,'CO'),(683,23.47,'2021-05-07','22:00:00',37,'O3'),(684,84.95,'2021-05-07','22:00:00',37,'NO2'),(685,4.58,'2021-05-07','21:00:00',37,'SO2'),(686,0.39,'2021-05-07','21:00:00',37,'CO'),(687,66.93,'2021-05-07','21:00:00',37,'NO2'),(688,46.83,'2021-05-07','21:00:00',37,'O3'),(689,65.51,'2021-05-07','20:00:00',37,'O3'),(690,3.7,'2021-05-07','20:00:00',37,'SO2'),(691,0.22,'2021-05-07','20:00:00',37,'CO'),(692,44.29,'2021-05-07','20:00:00',37,'NO2'),(693,26.71,'2021-05-07','19:00:00',37,'NO2'),(694,3.77,'2021-05-07','19:00:00',37,'SO2'),(695,82.64,'2021-05-07','19:00:00',37,'O3'),(696,0.16,'2021-05-07','19:00:00',37,'CO'),(697,90.53,'2021-05-07','18:00:00',37,'O3'),(698,19.19,'2021-05-07','18:00:00',37,'NO2'),(699,3.68,'2021-05-07','18:00:00',37,'SO2'),(700,0.15,'2021-05-07','18:00:00',37,'CO'),(701,91.02,'2021-05-07','17:00:00',37,'O3'),(702,5.48,'2021-05-07','17:00:00',37,'SO2'),(703,0.11,'2021-05-07','17:00:00',37,'CO'),(704,16.64,'2021-05-07','17:00:00',37,'NO2'),(705,4.36,'2021-05-07','16:00:00',37,'SO2'),(706,0.12,'2021-05-07','16:00:00',37,'CO'),(707,90.47,'2021-05-07','16:00:00',37,'O3'),(708,14.98,'2021-05-07','16:00:00',37,'NO2'),(709,14.39,'2021-05-07','15:00:00',37,'NO2'),(710,87.16,'2021-05-07','15:00:00',37,'O3'),(711,5.71,'2021-05-07','15:00:00',37,'SO2'),(712,0.13,'2021-05-07','15:00:00',37,'CO'),(713,0.15,'2021-05-07','14:00:00',37,'CO'),(714,17.12,'2021-05-07','14:00:00',37,'NO2'),(715,80.2,'2021-05-07','14:00:00',37,'O3'),(716,4.94,'2021-05-07','14:00:00',37,'SO2'),(717,4.13,'2021-05-07','13:00:00',37,'SO2'),(718,15.92,'2021-05-07','13:00:00',37,'NO2'),(719,0.16,'2021-05-07','13:00:00',37,'CO'),(720,78.65,'2021-05-07','13:00:00',37,'O3'),(721,4.04,'2021-05-07','12:00:00',37,'SO2'),(722,0.18,'2021-05-07','12:00:00',37,'CO'),(723,73.93,'2021-05-07','12:00:00',37,'O3'),(724,14.01,'2021-05-07','12:00:00',37,'NO2'),(725,16.87,'2021-05-07','11:00:00',37,'NO2'),(726,64.92,'2021-05-07','11:00:00',37,'O3'),(727,3.38,'2021-05-07','11:00:00',37,'SO2'),(728,0.2,'2021-05-07','11:00:00',37,'CO'),(729,23.81,'2021-05-07','10:00:00',37,'NO2'),(730,48.97,'2021-05-07','10:00:00',37,'O3'),(731,3.95,'2021-05-07','10:00:00',37,'SO2'),(732,0.21,'2021-05-07','10:00:00',37,'CO'),(733,3.99,'2021-05-07','09:00:00',37,'SO2'),(734,0.28,'2021-05-07','09:00:00',37,'CO'),(735,37.11,'2021-05-07','09:00:00',37,'NO2'),(736,29.32,'2021-05-07','09:00:00',37,'O3'),(737,16.3,'2021-05-07','08:00:00',37,'O3'),(738,0.33,'2021-05-07','08:00:00',37,'CO'),(739,4.44,'2021-05-07','08:00:00',37,'SO2'),(740,52.5,'2021-05-07','08:00:00',37,'NO2'),(741,0.3,'2021-05-07','07:00:00',37,'CO'),(742,4.8,'2021-05-07','07:00:00',37,'SO2'),(743,17.96,'2021-05-07','07:00:00',37,'O3'),(744,47.38,'2021-05-07','07:00:00',37,'NO2'),(745,27.48,'2021-05-07','06:00:00',37,'NO2'),(746,3.26,'2021-05-07','06:00:00',37,'SO2'),(747,0.24,'2021-05-07','06:00:00',37,'CO'),(748,32.32,'2021-05-07','06:00:00',37,'O3'),(749,3.74,'2021-05-07','05:00:00',37,'SO2'),(750,41.22,'2021-05-07','05:00:00',37,'O3'),(751,19.38,'2021-05-07','05:00:00',37,'NO2'),(752,0.2,'2021-05-07','05:00:00',37,'CO'),(753,15.51,'2021-05-07','04:00:00',37,'NO2'),(754,2.8,'2021-05-07','04:00:00',37,'SO2'),(755,0.18,'2021-05-07','04:00:00',37,'CO'),(756,43.21,'2021-05-07','04:00:00',37,'O3'),(757,3.84,'2021-05-07','03:00:00',37,'SO2'),(758,0.18,'2021-05-07','03:00:00',37,'CO'),(759,49.31,'2021-05-07','03:00:00',37,'O3'),(760,14.24,'2021-05-07','03:00:00',37,'NO2'),(761,50.7,'2021-05-07','02:00:00',37,'O3'),(762,0.18,'2021-05-07','02:00:00',37,'CO'),(763,16.65,'2021-05-07','02:00:00',37,'NO2'),(764,4.05,'2021-05-07','02:00:00',37,'SO2'),(765,0.19,'2021-05-07','01:00:00',37,'CO'),(766,3.55,'2021-05-07','01:00:00',37,'SO2'),(767,46.62,'2021-05-07','01:00:00',37,'O3'),(768,22.89,'2021-05-07','01:00:00',37,'NO2'),(769,28.17,'2021-05-07','00:00:00',37,'NO2'),(770,49.32,'2021-05-07','00:00:00',37,'O3'),(771,3.18,'2021-05-07','00:00:00',37,'SO2'),(772,0.2,'2021-05-07','00:00:00',37,'CO'),(773,32.03,'2021-05-06','23:00:00',37,'O3'),(774,3.48,'2021-05-06','23:00:00',37,'SO2'),(775,58.35,'2021-05-06','23:00:00',37,'NO2'),(776,0.27,'2021-05-06','23:00:00',37,'CO'),(777,0.26,'2021-05-06','22:00:00',37,'CO'),(778,2.74,'2021-05-06','22:00:00',37,'SO2'),(779,63.19,'2021-05-06','22:00:00',37,'NO2'),(780,37.76,'2021-05-06','22:00:00',37,'O3'),(781,45.14,'2021-05-06','21:00:00',37,'NO2'),(782,59.07,'2021-05-06','21:00:00',37,'O3'),(783,3.15,'2021-05-06','21:00:00',37,'SO2'),(784,0.21,'2021-05-06','21:00:00',37,'CO'),(785,65.18,'2021-05-06','20:00:00',37,'O3'),(786,2.81,'2021-05-06','20:00:00',37,'SO2'),(787,0.21,'2021-05-06','20:00:00',37,'CO'),(788,46.15,'2021-05-06','20:00:00',37,'NO2'),(789,0.16,'2021-05-06','19:00:00',37,'CO'),(790,77.75,'2021-05-06','19:00:00',37,'O3'),(791,37.35,'2021-05-06','19:00:00',37,'NO2'),(792,3.89,'2021-05-06','19:00:00',37,'SO2'),(793,93.57,'2021-05-06','18:00:00',37,'O3'),(794,4.33,'2021-05-06','18:00:00',37,'SO2'),(795,0.12,'2021-05-06','18:00:00',37,'CO'),(796,23,'2021-05-06','18:00:00',37,'NO2'),(797,4.5,'2021-05-06','17:00:00',37,'SO2'),(798,17.64,'2021-05-06','17:00:00',37,'NO2'),(799,0.11,'2021-05-06','17:00:00',37,'CO'),(800,97.98,'2021-05-06','17:00:00',37,'O3'),(801,5.59,'2021-05-06','16:00:00',37,'SO2'),(802,0.11,'2021-05-06','16:00:00',37,'CO'),(803,16.28,'2021-05-06','16:00:00',37,'NO2'),(804,98.27,'2021-05-06','16:00:00',37,'O3'),(805,17.45,'2021-05-06','15:00:00',37,'NO2'),(806,5.34,'2021-05-06','15:00:00',37,'SO2'),(807,0.11,'2021-05-06','15:00:00',37,'CO'),(808,95.57,'2021-05-06','15:00:00',37,'O3'),(809,0.16,'2021-05-06','14:00:00',37,'CO'),(810,18.6,'2021-05-06','14:00:00',37,'NO2'),(811,5.06,'2021-05-06','14:00:00',37,'SO2'),(812,92.81,'2021-05-06','14:00:00',37,'O3'),(813,0.15,'2021-05-06','13:00:00',37,'CO'),(814,12.42,'2021-05-06','13:00:00',37,'NO2'),(815,6.18,'2021-05-06','13:00:00',37,'SO2'),(816,84.36,'2021-05-06','13:00:00',37,'O3'),(817,0.17,'2021-05-06','12:00:00',37,'CO'),(818,7.44,'2021-05-06','12:00:00',37,'SO2'),(819,68.88,'2021-05-06','12:00:00',37,'O3'),(820,15.56,'2021-05-06','12:00:00',37,'NO2'),(821,0.2,'2021-05-06','11:00:00',37,'CO'),(822,20.78,'2021-05-06','11:00:00',37,'NO2'),(823,50.65,'2021-05-06','11:00:00',37,'O3'),(824,11.94,'2021-05-06','11:00:00',37,'SO2'),(825,0.19,'2021-05-06','10:00:00',37,'CO'),(826,41.18,'2021-05-06','10:00:00',37,'O3'),(827,10.45,'2021-05-06','10:00:00',37,'SO2'),(828,19.89,'2021-05-06','10:00:00',37,'NO2'),(829,29.55,'2021-05-06','09:00:00',37,'NO2'),(830,17.4,'2021-05-06','09:00:00',37,'O3'),(831,3.96,'2021-05-06','09:00:00',37,'SO2'),(832,0.23,'2021-05-06','09:00:00',37,'CO'),(833,31.25,'2021-05-06','08:00:00',37,'NO2'),(834,12.18,'2021-05-06','08:00:00',37,'O3'),(835,4.12,'2021-05-06','08:00:00',37,'SO2'),(836,0.24,'2021-05-06','08:00:00',37,'CO'),(837,0.24,'2021-05-06','07:00:00',37,'CO'),(838,3.28,'2021-05-06','07:00:00',37,'SO2'),(839,5.48,'2021-05-06','07:00:00',37,'O3'),(840,39.51,'2021-05-06','07:00:00',37,'NO2'),(841,7.05,'2021-05-06','06:00:00',37,'SO2'),(842,40.22,'2021-05-06','06:00:00',37,'NO2'),(843,7.21,'2021-05-06','06:00:00',37,'O3'),(844,0.2,'2021-05-06','06:00:00',37,'CO'),(845,3.55,'2021-05-06','05:00:00',37,'SO2'),(846,27.78,'2021-05-06','05:00:00',37,'O3'),(847,0.16,'2021-05-06','05:00:00',37,'CO'),(848,24.57,'2021-05-06','05:00:00',37,'NO2'),(849,39.76,'2021-05-06','04:00:00',37,'O3'),(850,4.15,'2021-05-06','04:00:00',37,'SO2'),(851,0.15,'2021-05-06','04:00:00',37,'CO'),(852,19.4,'2021-05-06','04:00:00',37,'NO2'),(853,0.16,'2021-05-06','03:00:00',37,'CO'),(854,16.74,'2021-05-06','03:00:00',37,'NO2'),(855,3.07,'2021-05-06','03:00:00',37,'SO2'),(856,46.28,'2021-05-06','03:00:00',37,'O3'),(857,3.38,'2021-05-06','02:00:00',37,'SO2'),(858,15.24,'2021-05-06','02:00:00',37,'NO2'),(859,0.15,'2021-05-06','02:00:00',37,'CO'),(860,52.8,'2021-05-06','02:00:00',37,'O3'),(861,3.78,'2021-05-06','01:00:00',37,'SO2'),(862,50.64,'2021-05-06','01:00:00',37,'O3'),(863,0.16,'2021-05-06','01:00:00',37,'CO'),(864,17.92,'2021-05-06','01:00:00',37,'NO2'),(865,3.19,'2021-05-06','00:00:00',37,'SO2'),(866,0.17,'2021-05-06','00:00:00',37,'CO'),(867,46.67,'2021-05-06','00:00:00',37,'O3'),(868,26.84,'2021-05-06','00:00:00',37,'NO2'),(869,4.01,'2021-05-05','23:00:00',37,'SO2'),(870,52.84,'2021-05-05','23:00:00',37,'O3'),(871,0.18,'2021-05-05','23:00:00',37,'CO'),(872,29.34,'2021-05-05','23:00:00',37,'NO2'),(873,57.72,'2021-05-05','22:00:00',37,'O3'),(874,3.57,'2021-05-05','22:00:00',37,'SO2'),(875,30.77,'2021-05-05','22:00:00',37,'NO2'),(876,0.2,'2021-05-05','22:00:00',37,'CO'),(877,34.28,'2021-05-05','21:00:00',37,'NO2'),(878,3.52,'2021-05-05','21:00:00',37,'SO2'),(879,60.15,'2021-05-05','21:00:00',37,'O3'),(880,0.22,'2021-05-05','21:00:00',37,'CO'),(881,0.18,'2021-05-05','20:00:00',37,'CO'),(882,3.47,'2021-05-05','20:00:00',37,'SO2'),(883,72.57,'2021-05-05','20:00:00',37,'O3'),(884,23.87,'2021-05-05','20:00:00',37,'NO2'),(885,0.13,'2021-05-05','19:00:00',37,'CO'),(886,74.75,'2021-05-05','19:00:00',37,'O3'),(887,19.14,'2021-05-05','19:00:00',37,'NO2'),(888,4.29,'2021-05-05','19:00:00',37,'SO2'),(889,75.04,'2021-05-05','18:00:00',37,'O3'),(890,4.44,'2021-05-05','18:00:00',37,'SO2'),(891,0.14,'2021-05-05','18:00:00',37,'CO'),(892,20.73,'2021-05-05','18:00:00',37,'NO2'),(893,15.31,'2021-05-05','17:00:00',37,'NO2'),(894,78.34,'2021-05-05','17:00:00',37,'O3'),(895,0.11,'2021-05-05','17:00:00',37,'CO'),(896,3.24,'2021-05-05','17:00:00',37,'SO2'),(897,3.96,'2021-05-05','16:00:00',37,'SO2'),(898,0.11,'2021-05-05','16:00:00',37,'CO'),(899,79.12,'2021-05-05','16:00:00',37,'O3'),(900,14.31,'2021-05-05','16:00:00',37,'NO2'),(901,15.2,'2021-05-05','15:00:00',37,'NO2'),(902,78.2,'2021-05-05','15:00:00',37,'O3'),(903,3.32,'2021-05-05','15:00:00',37,'SO2'),(904,0.13,'2021-05-05','15:00:00',37,'CO'),(905,3.84,'2021-05-05','14:00:00',37,'SO2'),(906,14.58,'2021-05-05','14:00:00',37,'NO2'),(907,0.14,'2021-05-05','14:00:00',37,'CO'),(908,80.26,'2021-05-05','14:00:00',37,'O3'),(909,77.63,'2021-05-05','13:00:00',37,'O3'),(910,3.91,'2021-05-05','13:00:00',37,'SO2'),(911,0.15,'2021-05-05','13:00:00',37,'CO'),(912,15.87,'2021-05-05','13:00:00',37,'NO2'),(913,3.56,'2021-05-05','12:00:00',37,'SO2'),(914,0.16,'2021-05-05','12:00:00',37,'CO'),(915,14.53,'2021-05-05','12:00:00',37,'NO2'),(916,76.26,'2021-05-05','12:00:00',37,'O3'),(917,3.65,'2021-05-05','11:00:00',37,'SO2'),(918,0.17,'2021-05-05','11:00:00',37,'CO'),(919,15.98,'2021-05-05','11:00:00',37,'NO2'),(920,71.55,'2021-05-05','11:00:00',37,'O3'),(921,19.36,'2021-05-05','10:00:00',37,'NO2'),(922,64.29,'2021-05-05','10:00:00',37,'O3'),(923,3.88,'2021-05-05','10:00:00',37,'SO2'),(924,0.19,'2021-05-05','10:00:00',37,'CO'),(925,26.41,'2021-05-05','09:00:00',37,'NO2'),(926,54.97,'2021-05-05','09:00:00',37,'O3'),(927,4.21,'2021-05-05','09:00:00',37,'SO2'),(928,0.2,'2021-05-05','09:00:00',37,'CO'),(929,4.54,'2021-05-05','08:00:00',37,'SO2'),(930,0.21,'2021-05-05','08:00:00',37,'CO'),(931,32.27,'2021-05-05','08:00:00',37,'NO2'),(932,49.28,'2021-05-05','08:00:00',37,'O3'),(933,33.36,'2021-05-05','07:00:00',37,'NO2'),(934,3.71,'2021-05-05','07:00:00',37,'SO2'),(935,0.26,'2021-05-05','07:00:00',37,'CO'),(936,47.23,'2021-05-05','07:00:00',37,'O3'),(937,60.15,'2021-05-05','06:00:00',37,'O3'),(938,4.55,'2021-05-05','06:00:00',37,'SO2'),(939,0.16,'2021-05-05','06:00:00',37,'CO'),(940,18.44,'2021-05-05','06:00:00',37,'NO2'),(941,17.77,'2021-05-05','05:00:00',37,'NO2'),(942,62.17,'2021-05-05','05:00:00',37,'O3'),(943,4.06,'2021-05-05','05:00:00',37,'SO2'),(944,0.15,'2021-05-05','05:00:00',37,'CO'),(945,3.89,'2021-05-05','04:00:00',37,'SO2'),(946,68.7,'2021-05-05','04:00:00',37,'O3'),(947,0.14,'2021-05-05','04:00:00',37,'CO'),(948,14.08,'2021-05-05','04:00:00',37,'NO2'),(949,0.16,'2021-05-05','03:00:00',37,'CO'),(950,13.47,'2021-05-05','03:00:00',37,'NO2'),(951,76.11,'2021-05-05','03:00:00',37,'O3'),(952,3.62,'2021-05-05','03:00:00',37,'SO2'),(953,4.37,'2021-05-05','02:00:00',37,'SO2'),(954,0.13,'2021-05-05','02:00:00',37,'CO'),(955,15.84,'2021-05-05','02:00:00',37,'NO2'),(956,81.02,'2021-05-05','02:00:00',37,'O3'),(957,4.3,'2021-05-05','01:00:00',37,'SO2'),(958,0.13,'2021-05-05','01:00:00',37,'CO'),(959,17.79,'2021-05-05','01:00:00',37,'NO2'),(960,78.44,'2021-05-05','01:00:00',37,'O3'),(961,4.66,'2021-05-05','00:00:00',37,'SO2'),(962,56.06,'2021-05-05','00:00:00',37,'O3'),(963,0.13,'2021-05-05','00:00:00',37,'CO'),(964,32.01,'2021-05-05','00:00:00',37,'NO2'),(965,31.92,'2021-05-04','23:00:00',37,'O3'),(966,0.23,'2021-05-04','23:00:00',37,'CO'),(967,5.37,'2021-05-04','23:00:00',37,'SO2'),(968,72.23,'2021-05-04','23:00:00',37,'NO2'),(969,30.78,'2021-05-04','22:00:00',37,'O3'),(970,0.31,'2021-05-04','22:00:00',37,'CO'),(971,3.94,'2021-05-04','22:00:00',37,'SO2'),(972,92.78,'2021-05-04','22:00:00',37,'NO2'),(973,60.93,'2021-05-04','21:00:00',37,'O3'),(974,0.25,'2021-05-04','21:00:00',37,'CO'),(975,3.67,'2021-05-04','21:00:00',37,'SO2'),(976,64.5,'2021-05-04','21:00:00',37,'NO2'),(977,0.16,'2021-05-04','20:00:00',37,'CO'),(978,44.44,'2021-05-04','20:00:00',37,'NO2'),(979,83.01,'2021-05-04','20:00:00',37,'O3'),(980,3.72,'2021-05-04','20:00:00',37,'SO2'),(981,4.71,'2021-05-04','19:00:00',37,'SO2'),(982,0.11,'2021-05-04','19:00:00',37,'CO'),(983,26.32,'2021-05-04','19:00:00',37,'NO2'),(984,102.18,'2021-05-04','19:00:00',37,'O3'),(985,110.8,'2021-05-04','18:00:00',37,'O3'),(986,3.93,'2021-05-04','18:00:00',37,'SO2'),(987,0.1,'2021-05-04','18:00:00',37,'CO'),(988,18.61,'2021-05-04','18:00:00',37,'NO2'),(989,109.69,'2021-05-04','17:00:00',37,'O3'),(990,16.47,'2021-05-04','17:00:00',37,'NO2'),(991,4.07,'2021-05-04','17:00:00',37,'SO2'),(992,0.11,'2021-05-04','17:00:00',37,'CO'),(993,109.11,'2021-05-04','16:00:00',37,'O3'),(994,4.72,'2021-05-04','16:00:00',37,'SO2'),(995,0.11,'2021-05-04','16:00:00',37,'CO'),(996,16.23,'2021-05-04','16:00:00',37,'NO2'),(997,15.93,'2021-05-04','15:00:00',37,'NO2'),(998,2.73,'2021-05-04','15:00:00',37,'SO2'),(999,109,'2021-05-04','15:00:00',37,'O3'),(1000,0.11,'2021-05-04','15:00:00',37,'CO'),(1001,99.94,'2021-05-04','14:00:00',37,'O3'),(1002,0.12,'2021-05-04','14:00:00',37,'CO'),(1003,16.1,'2021-05-04','14:00:00',37,'NO2'),(1004,4.43,'2021-05-04','14:00:00',37,'SO2'),(1005,18.52,'2021-05-04','13:00:00',37,'NO2'),(1006,3.7,'2021-05-04','13:00:00',37,'SO2'),(1007,0.15,'2021-05-04','13:00:00',37,'CO'),(1008,85.88,'2021-05-04','13:00:00',37,'O3'),(1009,0.16,'2021-05-04','12:00:00',37,'CO'),(1010,69.97,'2021-05-04','12:00:00',37,'O3'),(1011,4.68,'2021-05-04','12:00:00',37,'SO2'),(1012,22,'2021-05-04','12:00:00',37,'NO2'),(1013,32.21,'2021-05-04','11:00:00',37,'NO2'),(1014,4.02,'2021-05-04','11:00:00',37,'SO2'),(1015,0.18,'2021-05-04','11:00:00',37,'CO'),(1016,52.7,'2021-05-04','11:00:00',37,'O3'),(1017,25.53,'2021-05-04','10:00:00',37,'NO2'),(1018,4.36,'2021-05-04','10:00:00',37,'SO2'),(1019,51.06,'2021-05-04','10:00:00',37,'O3'),(1020,0.17,'2021-05-04','10:00:00',37,'CO'),(1021,0.15,'2021-05-04','09:00:00',37,'CO'),(1022,48.52,'2021-05-04','09:00:00',37,'O3'),(1023,4.8,'2021-05-04','09:00:00',37,'SO2'),(1024,19.2,'2021-05-04','09:00:00',37,'NO2'),(1025,32.45,'2021-05-04','08:00:00',37,'NO2'),(1026,28.63,'2021-05-04','08:00:00',37,'O3'),(1027,4.09,'2021-05-04','08:00:00',37,'SO2'),(1028,0.18,'2021-05-04','08:00:00',37,'CO'),(1029,19.37,'2021-05-04','07:00:00',37,'O3'),(1030,0.19,'2021-05-04','07:00:00',37,'CO'),(1031,45.56,'2021-05-04','07:00:00',37,'NO2'),(1032,3.87,'2021-05-04','07:00:00',37,'SO2'),(1033,34.36,'2021-05-04','06:00:00',37,'O3'),(1034,3.95,'2021-05-04','06:00:00',37,'SO2'),(1035,0.16,'2021-05-04','06:00:00',37,'CO'),(1036,31.23,'2021-05-04','06:00:00',37,'NO2'),(1037,3.5,'2021-05-04','05:00:00',37,'SO2'),(1038,0.16,'2021-05-04','05:00:00',37,'CO'),(1039,27.07,'2021-05-04','05:00:00',37,'NO2'),(1040,46.24,'2021-05-04','05:00:00',37,'O3'),(1041,14.4,'2021-05-04','04:00:00',37,'NO2'),(1042,0.14,'2021-05-04','04:00:00',37,'CO'),(1043,3.78,'2021-05-04','04:00:00',37,'SO2'),(1044,51.43,'2021-05-04','04:00:00',37,'O3'),(1045,57.19,'2021-05-04','03:00:00',37,'O3'),(1046,3.51,'2021-05-04','03:00:00',37,'SO2'),(1047,11.84,'2021-05-04','03:00:00',37,'NO2'),(1048,0.15,'2021-05-04','03:00:00',37,'CO'),(1049,39.03,'2021-05-04','02:00:00',37,'O3'),(1050,3.08,'2021-05-04','02:00:00',37,'SO2'),(1051,0.16,'2021-05-04','02:00:00',37,'CO'),(1052,15.85,'2021-05-04','02:00:00',37,'NO2'),(1053,4.43,'2021-05-04','01:00:00',37,'SO2'),(1054,23.77,'2021-05-04','01:00:00',37,'NO2'),(1055,0.18,'2021-05-04','01:00:00',37,'CO'),(1056,36.31,'2021-05-04','01:00:00',37,'O3'),(1057,3.11,'2021-05-04','00:00:00',37,'SO2'),(1058,24.06,'2021-05-04','00:00:00',37,'O3'),(1059,46.49,'2021-05-04','00:00:00',37,'NO2'),(1060,0.22,'2021-05-04','00:00:00',37,'CO'),(1061,3.24,'2021-05-03','23:00:00',37,'SO2'),(1062,0.23,'2021-05-03','23:00:00',37,'CO'),(1063,57.9,'2021-05-03','23:00:00',37,'NO2'),(1064,25.13,'2021-05-03','23:00:00',37,'O3'),(1065,0.23,'2021-05-03','22:00:00',37,'CO'),(1066,35.11,'2021-05-03','22:00:00',37,'NO2'),(1067,48.81,'2021-05-03','22:00:00',37,'O3'),(1068,2.53,'2021-05-03','22:00:00',37,'SO2'),(1069,0.19,'2021-05-03','21:00:00',37,'CO'),(1070,3.72,'2021-05-03','21:00:00',37,'SO2'),(1071,28.56,'2021-05-03','21:00:00',37,'NO2'),(1072,70.2,'2021-05-03','21:00:00',37,'O3'),(1073,0.17,'2021-05-03','20:00:00',37,'CO'),(1074,4.4,'2021-05-03','20:00:00',37,'SO2'),(1075,79.72,'2021-05-03','20:00:00',37,'O3'),(1076,30,'2021-05-03','20:00:00',37,'NO2'),(1077,3.89,'2021-05-03','19:00:00',37,'SO2'),(1078,91.16,'2021-05-03','19:00:00',37,'O3'),(1079,0.14,'2021-05-03','19:00:00',37,'CO'),(1080,17.92,'2021-05-03','19:00:00',37,'NO2'),(1081,14.65,'2021-05-03','18:00:00',37,'NO2'),(1082,0.14,'2021-05-03','18:00:00',37,'CO'),(1083,91.37,'2021-05-03','18:00:00',37,'O3'),(1084,3.3,'2021-05-03','18:00:00',37,'SO2'),(1085,3.97,'2021-05-03','17:00:00',37,'SO2'),(1086,95.26,'2021-05-03','17:00:00',37,'O3'),(1087,0.13,'2021-05-03','17:00:00',37,'CO'),(1088,11.75,'2021-05-03','17:00:00',37,'NO2'),(1089,4.54,'2021-05-03','16:00:00',37,'SO2'),(1090,10.74,'2021-05-03','16:00:00',37,'NO2'),(1091,0.13,'2021-05-03','16:00:00',37,'CO'),(1092,95.94,'2021-05-03','16:00:00',37,'O3'),(1093,94.39,'2021-05-03','15:00:00',37,'O3'),(1094,0.13,'2021-05-03','15:00:00',37,'CO'),(1095,3.87,'2021-05-03','15:00:00',37,'SO2'),(1096,10.62,'2021-05-03','15:00:00',37,'NO2'),(1097,11.11,'2021-05-03','14:00:00',37,'NO2'),(1098,92.41,'2021-05-03','14:00:00',37,'O3'),(1099,3.55,'2021-05-03','14:00:00',37,'SO2'),(1100,0.12,'2021-05-03','14:00:00',37,'CO'),(1101,93.78,'2021-05-03','13:00:00',37,'O3'),(1102,5.06,'2021-05-03','13:00:00',37,'SO2'),(1103,0.13,'2021-05-03','13:00:00',37,'CO'),(1104,12.15,'2021-05-03','13:00:00',37,'NO2'),(1105,5.05,'2021-05-03','12:00:00',37,'SO2'),(1106,92.04,'2021-05-03','12:00:00',37,'O3'),(1107,0.13,'2021-05-03','12:00:00',37,'CO'),(1108,11.24,'2021-05-03','12:00:00',37,'NO2'),(1109,5.65,'2021-05-03','11:00:00',37,'SO2'),(1110,0.13,'2021-05-03','11:00:00',37,'CO'),(1111,13.38,'2021-05-03','11:00:00',37,'NO2'),(1112,88.57,'2021-05-03','11:00:00',37,'O3'),(1113,15.83,'2021-05-03','10:00:00',37,'NO2'),(1114,78.13,'2021-05-03','10:00:00',37,'O3'),(1115,4.04,'2021-05-03','10:00:00',37,'SO2'),(1116,0.13,'2021-05-03','10:00:00',37,'CO'),(1117,0.15,'2021-05-03','09:00:00',37,'CO'),(1118,3.83,'2021-05-03','09:00:00',37,'SO2'),(1119,47.33,'2021-05-03','09:00:00',37,'O3'),(1120,28.82,'2021-05-03','09:00:00',37,'NO2'),(1121,11.58,'2021-05-03','08:00:00',37,'O3'),(1122,4.01,'2021-05-03','08:00:00',37,'SO2'),(1123,0.21,'2021-05-03','08:00:00',37,'CO'),(1124,60.5,'2021-05-03','08:00:00',37,'NO2'),(1125,4.43,'2021-05-03','07:00:00',37,'SO2'),(1126,14.41,'2021-05-03','07:00:00',37,'O3'),(1127,0.19,'2021-05-03','07:00:00',37,'CO'),(1128,54.94,'2021-05-03','07:00:00',37,'NO2'),(1129,0.21,'2021-05-03','06:00:00',37,'CO'),(1130,3.38,'2021-05-03','06:00:00',37,'SO2'),(1131,36.68,'2021-05-03','06:00:00',37,'NO2'),(1132,32,'2021-05-03','06:00:00',37,'O3'),(1133,3.78,'2021-05-03','05:00:00',37,'SO2'),(1134,0.13,'2021-05-03','05:00:00',37,'CO'),(1135,22.94,'2021-05-03','05:00:00',37,'NO2'),(1136,49.58,'2021-05-03','05:00:00',37,'O3'),(1137,0.12,'2021-05-03','04:00:00',37,'CO'),(1138,13.94,'2021-05-03','04:00:00',37,'NO2'),(1139,3.33,'2021-05-03','04:00:00',37,'SO2'),(1140,67.14,'2021-05-03','04:00:00',37,'O3'),(1141,74.03,'2021-05-03','03:00:00',37,'O3'),(1142,3.81,'2021-05-03','03:00:00',37,'SO2'),(1143,13.92,'2021-05-03','03:00:00',37,'NO2'),(1144,0.12,'2021-05-03','03:00:00',37,'CO'),(1145,3.94,'2021-05-03','02:00:00',37,'SO2'),(1146,0.12,'2021-05-03','02:00:00',37,'CO'),(1147,13.51,'2021-05-03','02:00:00',37,'NO2'),(1148,71.8,'2021-05-03','02:00:00',37,'O3'),(1149,2.66,'2021-05-03','01:00:00',37,'SO2'),(1150,17.08,'2021-05-03','01:00:00',37,'NO2'),(1151,0.12,'2021-05-03','01:00:00',37,'CO'),(1152,66.98,'2021-05-03','01:00:00',37,'O3'),(1153,3.97,'2021-05-03','00:00:00',37,'SO2'),(1154,71.29,'2021-05-03','00:00:00',37,'O3'),(1155,16.21,'2021-05-03','00:00:00',37,'NO2'),(1156,0.11,'2021-05-03','00:00:00',37,'CO'),(1157,98.75,'2021-05-09','00:00:00',40,'O3'),(1158,7.22,'2021-05-09','00:00:00',40,'NO2'),(1159,10.32,'2021-05-09','00:00:00',40,'PM10'),(1160,5.57,'2021-05-08','23:00:00',40,'NO2'),(1161,106.07,'2021-05-08','23:00:00',40,'O3'),(1162,8.67,'2021-05-08','23:00:00',40,'PM10'),(1163,104.1,'2021-05-08','22:00:00',40,'O3'),(1164,18.85,'2021-05-08','22:00:00',40,'PM10'),(1165,7,'2021-05-08','22:00:00',40,'NO2'),(1166,97.95,'2021-05-08','21:00:00',40,'O3'),(1167,8.8,'2021-05-08','21:00:00',40,'NO2'),(1168,18.05,'2021-05-08','21:00:00',40,'PM10'),(1169,18.57,'2021-05-08','20:00:00',40,'PM10'),(1170,7.35,'2021-05-08','20:00:00',40,'NO2'),(1171,96.62,'2021-05-08','20:00:00',40,'O3'),(1172,99.25,'2021-05-08','19:00:00',40,'O3'),(1173,23.03,'2021-05-08','19:00:00',40,'PM10'),(1174,9,'2021-05-08','19:00:00',40,'NO2'),(1175,14.75,'2021-05-08','18:00:00',40,'PM10'),(1176,7.6,'2021-05-08','18:00:00',40,'NO2'),(1177,104.02,'2021-05-08','18:00:00',40,'O3'),(1178,106.48,'2021-05-08','17:00:00',40,'O3'),(1179,18.07,'2021-05-08','17:00:00',40,'PM10'),(1180,5.98,'2021-05-08','17:00:00',40,'NO2'),(1181,105.73,'2021-05-08','16:00:00',40,'O3'),(1182,13.9,'2021-05-08','16:00:00',40,'PM10'),(1183,5.3,'2021-05-08','16:00:00',40,'NO2'),(1184,100.38,'2021-05-08','15:00:00',40,'O3'),(1185,8.85,'2021-05-08','15:00:00',40,'PM10'),(1186,6.45,'2021-05-08','15:00:00',40,'NO2'),(1187,92.5,'2021-05-08','14:00:00',40,'O3'),(1188,8.63,'2021-05-08','14:00:00',40,'PM10'),(1189,7.02,'2021-05-08','14:00:00',40,'NO2'),(1190,82.82,'2021-05-08','13:00:00',40,'O3'),(1191,17.03,'2021-05-08','13:00:00',40,'PM10'),(1192,7.8,'2021-05-08','13:00:00',40,'NO2'),(1193,11.55,'2021-05-08','12:00:00',40,'PM10'),(1194,7.92,'2021-05-08','12:00:00',40,'NO2'),(1195,74.88,'2021-05-08','12:00:00',40,'O3'),(1196,7.85,'2021-05-08','11:00:00',40,'NO2'),(1197,69.2,'2021-05-08','11:00:00',40,'O3'),(1198,7.18,'2021-05-08','11:00:00',40,'PM10'),(1199,5.88,'2021-05-08','10:00:00',40,'PM10'),(1200,64.55,'2021-05-08','10:00:00',40,'O3'),(1201,8.72,'2021-05-08','10:00:00',40,'NO2'),(1202,57.48,'2021-05-08','09:00:00',40,'O3'),(1203,14.55,'2021-05-08','09:00:00',40,'PM10'),(1204,9.38,'2021-05-08','09:00:00',40,'NO2'),(1205,18.57,'2021-05-08','08:00:00',40,'PM10'),(1206,45.15,'2021-05-08','08:00:00',40,'O3'),(1207,11.1,'2021-05-08','08:00:00',40,'NO2'),(1208,13.22,'2021-05-08','07:00:00',40,'NO2'),(1209,39.82,'2021-05-08','07:00:00',40,'O3'),(1210,10.23,'2021-05-08','07:00:00',40,'PM10'),(1211,12.42,'2021-05-08','06:00:00',40,'NO2'),(1212,43.27,'2021-05-08','06:00:00',40,'O3'),(1213,21.57,'2021-05-08','06:00:00',40,'PM10'),(1214,52.1,'2021-05-08','05:00:00',40,'O3'),(1215,12.65,'2021-05-08','05:00:00',40,'PM10'),(1216,10.9,'2021-05-08','05:00:00',40,'NO2'),(1217,48.48,'2021-05-08','04:00:00',40,'O3'),(1218,21.55,'2021-05-08','04:00:00',40,'PM10'),(1219,11.08,'2021-05-08','04:00:00',40,'NO2'),(1220,14.25,'2021-05-08','03:00:00',40,'PM10'),(1221,11.05,'2021-05-08','03:00:00',40,'NO2'),(1222,48.8,'2021-05-08','03:00:00',40,'O3'),(1223,32.07,'2021-05-08','02:00:00',40,'O3'),(1224,20.45,'2021-05-08','02:00:00',40,'PM10'),(1225,18.02,'2021-05-08','02:00:00',40,'NO2'),(1226,41,'2021-05-08','01:00:00',40,'O3'),(1227,17.05,'2021-05-08','01:00:00',40,'PM10'),(1228,16.55,'2021-05-08','01:00:00',40,'NO2'),(1229,39.03,'2021-05-08','00:00:00',40,'O3'),(1230,19.6,'2021-05-08','00:00:00',40,'PM10'),(1231,22.55,'2021-05-08','00:00:00',40,'NO2'),(1232,30.38,'2021-05-07','23:00:00',40,'O3'),(1233,29.35,'2021-05-07','23:00:00',40,'PM10'),(1234,36.6,'2021-05-07','23:00:00',40,'NO2'),(1235,16.65,'2021-05-07','22:00:00',40,'PM10'),(1236,34.68,'2021-05-07','22:00:00',40,'NO2'),(1237,39.75,'2021-05-07','22:00:00',40,'O3'),(1238,59.38,'2021-05-07','21:00:00',40,'O3'),(1239,35.25,'2021-05-07','21:00:00',40,'PM10'),(1240,24.62,'2021-05-07','21:00:00',40,'NO2'),(1241,19.1,'2021-05-07','20:00:00',40,'NO2'),(1242,75.95,'2021-05-07','20:00:00',40,'O3'),(1243,25,'2021-05-07','20:00:00',40,'PM10'),(1244,84.12,'2021-05-07','19:00:00',40,'O3'),(1245,5.8,'2021-05-07','19:00:00',40,'PM10'),(1246,13.12,'2021-05-07','19:00:00',40,'NO2'),(1247,10.05,'2021-05-07','18:00:00',40,'NO2'),(1248,90.7,'2021-05-07','18:00:00',40,'O3'),(1249,22.65,'2021-05-07','18:00:00',40,'PM10'),(1250,8.83,'2021-05-07','17:00:00',40,'NO2'),(1251,8.95,'2021-05-07','17:00:00',40,'PM10'),(1252,89.4,'2021-05-07','17:00:00',40,'O3'),(1253,16.77,'2021-05-07','16:00:00',40,'PM10'),(1254,87.65,'2021-05-07','16:00:00',40,'O3'),(1255,12.15,'2021-05-07','16:00:00',40,'NO2'),(1256,83.85,'2021-05-07','15:00:00',40,'O3'),(1257,7.6,'2021-05-07','15:00:00',40,'PM10'),(1258,8.83,'2021-05-07','15:00:00',40,'NO2'),(1259,80.2,'2021-05-07','14:00:00',40,'O3'),(1260,8.85,'2021-05-07','14:00:00',40,'PM10'),(1261,7.3,'2021-05-07','14:00:00',40,'NO2'),(1262,77.15,'2021-05-07','13:00:00',40,'O3'),(1263,8.63,'2021-05-07','13:00:00',40,'NO2'),(1264,10.1,'2021-05-07','13:00:00',40,'PM10'),(1265,8.15,'2021-05-07','12:00:00',40,'NO2'),(1266,73.15,'2021-05-07','12:00:00',40,'O3'),(1267,5.65,'2021-05-07','12:00:00',40,'PM10'),(1268,62.95,'2021-05-07','11:00:00',40,'O3'),(1269,7.93,'2021-05-07','11:00:00',40,'PM10'),(1270,10.58,'2021-05-07','11:00:00',40,'NO2'),(1271,7.52,'2021-05-07','10:00:00',40,'PM10'),(1272,47.82,'2021-05-07','10:00:00',40,'O3'),(1273,13.17,'2021-05-07','10:00:00',40,'NO2'),(1274,6.65,'2021-05-07','09:00:00',40,'PM10'),(1275,16.82,'2021-05-07','09:00:00',40,'NO2'),(1276,31.97,'2021-05-07','09:00:00',40,'O3'),(1277,30.53,'2021-05-07','08:00:00',40,'NO2'),(1278,18.35,'2021-05-07','08:00:00',40,'PM10'),(1279,21.78,'2021-05-07','08:00:00',40,'O3'),(1280,14.15,'2021-05-07','07:00:00',40,'O3'),(1281,12.33,'2021-05-07','07:00:00',40,'PM10'),(1282,30.63,'2021-05-07','07:00:00',40,'NO2'),(1283,15.1,'2021-05-07','06:00:00',40,'NO2'),(1284,33.03,'2021-05-07','06:00:00',40,'O3'),(1285,14.97,'2021-05-07','06:00:00',40,'PM10'),(1286,9.52,'2021-05-07','05:00:00',40,'NO2'),(1287,7.28,'2021-05-07','05:00:00',40,'PM10'),(1288,40.35,'2021-05-07','05:00:00',40,'O3'),(1289,12.2,'2021-05-07','04:00:00',40,'NO2'),(1290,17.08,'2021-05-07','04:00:00',40,'PM10'),(1291,34.77,'2021-05-07','04:00:00',40,'O3'),(1292,38.27,'2021-05-07','03:00:00',40,'O3'),(1293,18.83,'2021-05-07','03:00:00',40,'PM10'),(1294,11.7,'2021-05-07','03:00:00',40,'NO2'),(1295,40.38,'2021-05-07','02:00:00',40,'O3'),(1296,12.8,'2021-05-07','02:00:00',40,'NO2'),(1297,20.68,'2021-05-07','02:00:00',40,'PM10'),(1298,12.78,'2021-05-07','01:00:00',40,'NO2'),(1299,44.9,'2021-05-07','01:00:00',40,'O3'),(1300,18.85,'2021-05-07','01:00:00',40,'PM10'),(1301,29.47,'2021-05-07','00:00:00',40,'PM10'),(1302,41.43,'2021-05-07','00:00:00',40,'O3'),(1303,20.98,'2021-05-07','00:00:00',40,'NO2'),(1304,40.28,'2021-05-06','23:00:00',40,'NO2'),(1305,22.52,'2021-05-06','23:00:00',40,'PM10'),(1306,26.07,'2021-05-06','23:00:00',40,'O3'),(1307,32.22,'2021-05-06','22:00:00',40,'PM10'),(1308,33.38,'2021-05-06','22:00:00',40,'NO2'),(1309,42.5,'2021-05-06','22:00:00',40,'O3'),(1310,69.6,'2021-05-06','21:00:00',40,'O3'),(1311,18.38,'2021-05-06','21:00:00',40,'PM10'),(1312,20.62,'2021-05-06','21:00:00',40,'NO2'),(1313,74.92,'2021-05-06','20:00:00',40,'O3'),(1314,16.37,'2021-05-06','20:00:00',40,'PM10'),(1315,21.7,'2021-05-06','20:00:00',40,'NO2'),(1316,9.78,'2021-05-06','19:00:00',40,'PM10'),(1317,13.47,'2021-05-06','19:00:00',40,'NO2'),(1318,89.92,'2021-05-06','19:00:00',40,'O3'),(1319,94.42,'2021-05-06','18:00:00',40,'O3'),(1320,25.75,'2021-05-06','18:00:00',40,'PM10'),(1321,10.8,'2021-05-06','18:00:00',40,'NO2'),(1322,95.98,'2021-05-06','17:00:00',40,'O3'),(1323,5.53,'2021-05-06','17:00:00',40,'PM10'),(1324,10.25,'2021-05-06','17:00:00',40,'NO2'),(1325,9.43,'2021-05-06','16:00:00',40,'PM10'),(1326,8.77,'2021-05-06','16:00:00',40,'NO2'),(1327,97,'2021-05-06','16:00:00',40,'O3'),(1328,8.83,'2021-05-06','15:00:00',40,'NO2'),(1329,94.85,'2021-05-06','15:00:00',40,'O3'),(1330,5.2,'2021-05-06','15:00:00',40,'PM10'),(1331,91.25,'2021-05-06','14:00:00',40,'O3'),(1332,6.1,'2021-05-06','14:00:00',40,'PM10'),(1333,7.88,'2021-05-06','14:00:00',40,'NO2'),(1334,83.6,'2021-05-06','13:00:00',40,'O3'),(1335,13.95,'2021-05-06','13:00:00',40,'PM10'),(1336,10.42,'2021-05-06','13:00:00',40,'NO2'),(1337,70.17,'2021-05-06','12:00:00',40,'O3'),(1338,3.03,'2021-05-06','12:00:00',40,'PM10'),(1339,11.58,'2021-05-06','12:00:00',40,'NO2'),(1340,17.32,'2021-05-06','11:00:00',40,'NO2'),(1341,51.93,'2021-05-06','11:00:00',40,'O3'),(1342,13.2,'2021-05-06','11:00:00',40,'PM10'),(1343,33.47,'2021-05-06','10:00:00',40,'O3'),(1344,9.48,'2021-05-06','10:00:00',40,'PM10'),(1345,20.85,'2021-05-06','10:00:00',40,'NO2'),(1346,24.6,'2021-05-06','09:00:00',40,'PM10'),(1347,20.7,'2021-05-06','09:00:00',40,'NO2'),(1348,22.07,'2021-05-06','09:00:00',40,'O3'),(1349,8.6,'2021-05-06','08:00:00',40,'PM10'),(1350,28.77,'2021-05-06','08:00:00',40,'NO2'),(1351,10.42,'2021-05-06','08:00:00',40,'O3'),(1352,5.32,'2021-05-06','07:00:00',40,'PM10'),(1353,30.28,'2021-05-06','07:00:00',40,'NO2'),(1354,7.05,'2021-05-06','07:00:00',40,'O3'),(1355,7.83,'2021-05-06','06:00:00',40,'O3'),(1356,20.95,'2021-05-06','06:00:00',40,'PM10'),(1357,29.98,'2021-05-06','06:00:00',40,'NO2'),(1358,21.28,'2021-05-06','05:00:00',40,'NO2'),(1359,20.18,'2021-05-06','05:00:00',40,'O3'),(1360,11.3,'2021-05-06','05:00:00',40,'PM10'),(1361,36.1,'2021-05-06','04:00:00',40,'O3'),(1362,11.47,'2021-05-06','04:00:00',40,'NO2'),(1363,15.27,'2021-05-06','04:00:00',40,'PM10'),(1364,35.65,'2021-05-06','03:00:00',40,'O3'),(1365,12.52,'2021-05-06','03:00:00',40,'NO2'),(1366,22.25,'2021-05-06','03:00:00',40,'PM10'),(1367,35.85,'2021-05-06','02:00:00',40,'O3'),(1368,10.17,'2021-05-06','02:00:00',40,'PM10'),(1369,12.9,'2021-05-06','02:00:00',40,'NO2'),(1370,34.9,'2021-05-06','01:00:00',40,'O3'),(1371,14.18,'2021-05-06','01:00:00',40,'NO2'),(1372,11.08,'2021-05-06','01:00:00',40,'PM10'),(1373,16.27,'2021-05-06','00:00:00',40,'NO2'),(1374,20.55,'2021-05-06','00:00:00',40,'PM10'),(1375,39.7,'2021-05-06','00:00:00',40,'O3'),(1376,9.35,'2021-05-05','23:00:00',40,'PM10'),(1377,17.43,'2021-05-05','23:00:00',40,'NO2'),(1378,51.2,'2021-05-05','23:00:00',40,'O3'),(1379,15.5,'2021-05-05','22:00:00',40,'PM10'),(1380,60,'2021-05-05','22:00:00',40,'O3'),(1381,15.83,'2021-05-05','22:00:00',40,'NO2'),(1382,14,'2021-05-05','21:00:00',40,'NO2'),(1383,68.78,'2021-05-05','21:00:00',40,'O3'),(1384,2.58,'2021-05-05','21:00:00',40,'PM10'),(1385,14.07,'2021-05-05','20:00:00',40,'PM10'),(1386,75.02,'2021-05-05','20:00:00',40,'O3'),(1387,12.35,'2021-05-05','20:00:00',40,'NO2'),(1388,14.93,'2021-05-05','19:00:00',40,'PM10'),(1389,76.65,'2021-05-05','19:00:00',40,'O3'),(1390,10.1,'2021-05-05','19:00:00',40,'NO2'),(1391,77.95,'2021-05-05','18:00:00',40,'O3'),(1392,4.97,'2021-05-05','18:00:00',40,'PM10'),(1393,8.9,'2021-05-05','18:00:00',40,'NO2'),(1394,79.5,'2021-05-05','17:00:00',40,'O3'),(1395,16.2,'2021-05-05','17:00:00',40,'PM10'),(1396,7.95,'2021-05-05','17:00:00',40,'NO2'),(1397,2.17,'2021-05-05','16:00:00',40,'PM10'),(1398,6.85,'2021-05-05','16:00:00',40,'NO2'),(1399,80.08,'2021-05-05','16:00:00',40,'O3'),(1400,7.55,'2021-05-05','15:00:00',40,'NO2'),(1401,78.23,'2021-05-05','15:00:00',40,'O3'),(1402,9.97,'2021-05-05','15:00:00',40,'PM10'),(1403,14.07,'2021-05-05','14:00:00',40,'PM10'),(1404,78.67,'2021-05-05','14:00:00',40,'O3'),(1405,7.9,'2021-05-05','14:00:00',40,'NO2'),(1406,7.35,'2021-05-05','13:00:00',40,'NO2'),(1407,78.75,'2021-05-05','13:00:00',40,'O3'),(1408,8.63,'2021-05-05','13:00:00',40,'PM10'),(1409,76.73,'2021-05-05','12:00:00',40,'O3'),(1410,8.43,'2021-05-05','12:00:00',40,'PM10'),(1411,7.1,'2021-05-05','12:00:00',40,'NO2'),(1412,0,'2021-05-05','11:00:00',40,'PM10'),(1413,73.8,'2021-05-05','11:00:00',40,'O3'),(1414,7.42,'2021-05-05','11:00:00',40,'NO2'),(1415,5.68,'2021-05-05','10:00:00',40,'PM10'),(1416,67.45,'2021-05-05','10:00:00',40,'O3'),(1417,8.78,'2021-05-05','10:00:00',40,'NO2'),(1418,51.03,'2021-05-05','09:00:00',40,'O3'),(1419,9.33,'2021-05-05','09:00:00',40,'PM10'),(1420,15.15,'2021-05-05','09:00:00',40,'NO2'),(1421,23.05,'2021-05-05','08:00:00',40,'NO2'),(1422,37.15,'2021-05-05','08:00:00',40,'O3'),(1423,14.9,'2021-05-05','08:00:00',40,'PM10'),(1424,40.82,'2021-05-05','07:00:00',40,'O3'),(1425,7.78,'2021-05-05','07:00:00',40,'PM10'),(1426,22.12,'2021-05-05','07:00:00',40,'NO2'),(1427,53.02,'2021-05-05','06:00:00',40,'O3'),(1428,6.18,'2021-05-05','06:00:00',40,'PM10'),(1429,13.6,'2021-05-05','06:00:00',40,'NO2'),(1430,10.82,'2021-05-05','05:00:00',40,'NO2'),(1431,58.55,'2021-05-05','05:00:00',40,'O3'),(1432,25.68,'2021-05-05','05:00:00',40,'PM10'),(1433,65.17,'2021-05-05','04:00:00',40,'O3'),(1434,9.08,'2021-05-05','04:00:00',40,'NO2'),(1435,6.2,'2021-05-05','04:00:00',40,'PM10'),(1436,70.3,'2021-05-05','03:00:00',40,'O3'),(1437,14.4,'2021-05-05','03:00:00',40,'PM10'),(1438,9.23,'2021-05-05','03:00:00',40,'NO2'),(1439,76.05,'2021-05-05','02:00:00',40,'O3'),(1440,17.98,'2021-05-05','02:00:00',40,'PM10'),(1441,9.62,'2021-05-05','02:00:00',40,'NO2'),(1442,71.67,'2021-05-05','01:00:00',40,'O3'),(1443,9.18,'2021-05-05','01:00:00',40,'PM10'),(1444,9.88,'2021-05-05','01:00:00',40,'NO2'),(1445,56.2,'2021-05-05','00:00:00',40,'O3'),(1446,20.17,'2021-05-05','00:00:00',40,'NO2'),(1447,12.65,'2021-05-05','00:00:00',40,'PM10'),(1448,46.83,'2021-05-04','23:00:00',40,'NO2'),(1449,34.85,'2021-05-04','23:00:00',40,'O3'),(1450,28.45,'2021-05-04','23:00:00',40,'PM10'),(1451,78.48,'2021-05-04','22:00:00',40,'NO2'),(1452,7.1,'2021-05-04','22:00:00',40,'O3'),(1453,25.85,'2021-05-04','22:00:00',40,'PM10'),(1454,37.45,'2021-05-04','21:00:00',40,'NO2'),(1455,60.13,'2021-05-04','21:00:00',40,'O3'),(1456,19.35,'2021-05-04','21:00:00',40,'PM10'),(1457,17.27,'2021-05-04','20:00:00',40,'PM10'),(1458,18.9,'2021-05-04','20:00:00',40,'NO2'),(1459,92.45,'2021-05-04','20:00:00',40,'O3'),(1460,13.17,'2021-05-04','19:00:00',40,'NO2'),(1461,5.63,'2021-05-04','19:00:00',40,'PM10'),(1462,104.93,'2021-05-04','19:00:00',40,'O3'),(1463,107.58,'2021-05-04','18:00:00',40,'O3'),(1464,12.63,'2021-05-04','18:00:00',40,'PM10'),(1465,13.7,'2021-05-04','18:00:00',40,'NO2'),(1466,19.4,'2021-05-04','17:00:00',40,'PM10'),(1467,8.13,'2021-05-04','17:00:00',40,'NO2'),(1468,111.17,'2021-05-04','17:00:00',40,'O3'),(1469,2.13,'2021-05-04','16:00:00',40,'PM10'),(1470,107.82,'2021-05-04','16:00:00',40,'O3'),(1471,8.77,'2021-05-04','16:00:00',40,'NO2'),(1472,5.95,'2021-05-04','15:00:00',40,'PM10'),(1473,109.73,'2021-05-04','15:00:00',40,'O3'),(1474,8.3,'2021-05-04','15:00:00',40,'NO2'),(1475,8.2,'2021-05-04','14:00:00',40,'NO2'),(1476,101.17,'2021-05-04','14:00:00',40,'O3'),(1477,4.55,'2021-05-04','14:00:00',40,'PM10'),(1478,90.3,'2021-05-04','13:00:00',40,'O3'),(1479,5.88,'2021-05-04','13:00:00',40,'PM10'),(1480,8.95,'2021-05-04','13:00:00',40,'NO2'),(1481,76.05,'2021-05-04','12:00:00',40,'O3'),(1482,10.65,'2021-05-04','12:00:00',40,'NO2'),(1483,8.75,'2021-05-04','12:00:00',40,'PM10'),(1484,66.2,'2021-05-04','11:00:00',40,'O3'),(1485,6.95,'2021-05-04','11:00:00',40,'PM10'),(1486,12.08,'2021-05-04','11:00:00',40,'NO2'),(1487,53.9,'2021-05-04','10:00:00',40,'O3'),(1488,19.15,'2021-05-04','10:00:00',40,'NO2'),(1489,4,'2021-05-04','10:00:00',40,'PM10'),(1490,22.6,'2021-05-04','09:00:00',40,'PM10'),(1491,41.45,'2021-05-04','09:00:00',40,'O3'),(1492,26.45,'2021-05-04','09:00:00',40,'NO2'),(1493,15.43,'2021-05-04','08:00:00',40,'PM10'),(1494,39.3,'2021-05-04','08:00:00',40,'NO2'),(1495,16,'2021-05-04','08:00:00',40,'O3'),(1496,6.43,'2021-05-04','07:00:00',40,'O3'),(1497,15.4,'2021-05-04','07:00:00',40,'PM10'),(1498,45.65,'2021-05-04','07:00:00',40,'NO2'),(1499,32.97,'2021-05-04','06:00:00',40,'O3'),(1500,9.95,'2021-05-04','06:00:00',40,'PM10'),(1501,20.87,'2021-05-04','06:00:00',40,'NO2'),(1502,42.82,'2021-05-04','05:00:00',40,'O3'),(1503,10.9,'2021-05-04','05:00:00',40,'NO2'),(1504,18.27,'2021-05-04','05:00:00',40,'PM10'),(1505,13.52,'2021-05-04','04:00:00',40,'NO2'),(1506,16.07,'2021-05-04','04:00:00',40,'PM10'),(1507,46.5,'2021-05-04','04:00:00',40,'O3'),(1508,46.78,'2021-05-04','03:00:00',40,'O3'),(1509,14.87,'2021-05-04','03:00:00',40,'NO2'),(1510,16.6,'2021-05-04','03:00:00',40,'PM10'),(1511,12.22,'2021-05-04','02:00:00',40,'NO2'),(1512,11.63,'2021-05-04','02:00:00',40,'PM10'),(1513,40.13,'2021-05-04','02:00:00',40,'O3'),(1514,16.03,'2021-05-04','01:00:00',40,'PM10'),(1515,14.87,'2021-05-04','01:00:00',40,'NO2'),(1516,42.2,'2021-05-04','01:00:00',40,'O3'),(1517,14.2,'2021-05-04','00:00:00',40,'PM10'),(1518,29.7,'2021-05-04','00:00:00',40,'NO2'),(1519,26.83,'2021-05-04','00:00:00',40,'O3'),(1520,11.52,'2021-05-03','23:00:00',40,'PM10'),(1521,26.2,'2021-05-03','23:00:00',40,'NO2'),(1522,40.6,'2021-05-03','23:00:00',40,'O3'),(1523,18.57,'2021-05-03','22:00:00',40,'NO2'),(1524,18.05,'2021-05-03','22:00:00',40,'PM10'),(1525,55.15,'2021-05-03','22:00:00',40,'O3'),(1526,70.28,'2021-05-03','21:00:00',40,'O3'),(1527,14.8,'2021-05-03','21:00:00',40,'PM10'),(1528,16.97,'2021-05-03','21:00:00',40,'NO2'),(1529,17.13,'2021-05-03','20:00:00',40,'PM10'),(1530,18.97,'2021-05-03','20:00:00',40,'NO2'),(1531,82.07,'2021-05-03','20:00:00',40,'O3'),(1532,92.83,'2021-05-03','19:00:00',40,'O3'),(1533,10.05,'2021-05-03','19:00:00',40,'PM10'),(1534,10.45,'2021-05-03','19:00:00',40,'NO2'),(1535,3.6,'2021-05-03','18:00:00',40,'PM10'),(1536,9.2,'2021-05-03','18:00:00',40,'NO2'),(1537,93.18,'2021-05-03','18:00:00',40,'O3'),(1538,6.95,'2021-05-03','17:00:00',40,'PM10'),(1539,7.8,'2021-05-03','17:00:00',40,'NO2'),(1540,94.08,'2021-05-03','17:00:00',40,'O3'),(1541,6.65,'2021-05-03','16:00:00',40,'NO2'),(1542,94.88,'2021-05-03','16:00:00',40,'O3'),(1543,25.4,'2021-05-03','16:00:00',40,'PM10'),(1544,5.13,'2021-05-03','15:00:00',40,'PM10'),(1545,93.15,'2021-05-03','15:00:00',40,'O3'),(1546,7.4,'2021-05-03','15:00:00',40,'NO2'),(1547,91.7,'2021-05-03','14:00:00',40,'O3'),(1548,2.5,'2021-05-03','14:00:00',40,'PM10'),(1549,6.75,'2021-05-03','14:00:00',40,'NO2'),(1550,16.6,'2021-05-03','13:00:00',40,'PM10'),(1551,89.9,'2021-05-03','13:00:00',40,'O3'),(1552,7.1,'2021-05-03','13:00:00',40,'NO2'),(1553,13.43,'2021-05-03','07:00:00',40,'PM10'),(1554,29.1,'2021-05-03','07:00:00',40,'O3'),(1555,34.47,'2021-05-03','07:00:00',40,'NO2'),(1556,31.18,'2021-05-03','06:00:00',40,'O3'),(1557,22.68,'2021-05-03','06:00:00',40,'PM10'),(1558,28.92,'2021-05-03','06:00:00',40,'NO2'),(1559,9.05,'2021-05-03','05:00:00',40,'PM10'),(1560,18.9,'2021-05-03','05:00:00',40,'NO2'),(1561,29.43,'2021-05-03','05:00:00',40,'O3'),(1562,12.2,'2021-05-03','04:00:00',40,'PM10'),(1563,12.45,'2021-05-03','04:00:00',40,'NO2'),(1564,48.37,'2021-05-03','04:00:00',40,'O3'),(1565,68.3,'2021-05-03','03:00:00',40,'O3'),(1566,8.57,'2021-05-03','03:00:00',40,'NO2'),(1567,11.77,'2021-05-03','03:00:00',40,'PM10'),(1568,63.77,'2021-05-03','02:00:00',40,'O3'),(1569,22.83,'2021-05-03','02:00:00',40,'PM10'),(1570,7.9,'2021-05-03','02:00:00',40,'NO2'),(1571,56.4,'2021-05-03','01:00:00',40,'O3'),(1572,4.97,'2021-05-03','01:00:00',40,'PM10'),(1573,11.03,'2021-05-03','01:00:00',40,'NO2'),(1574,10.85,'2021-05-03','00:00:00',40,'NO2'),(1575,12,'2021-05-03','00:00:00',40,'PM10'),(1576,60.65,'2021-05-03','00:00:00',40,'O3'),(1577,4.23,'2021-05-09','00:00:00',39,'SO2'),(1578,104.06,'2021-05-09','00:00:00',39,'O3'),(1579,0.1,'2021-05-09','00:00:00',39,'CO'),(1580,11.36,'2021-05-09','00:00:00',39,'NO2'),(1581,4.38,'2021-05-08','23:00:00',39,'SO2'),(1582,18.23,'2021-05-08','23:00:00',39,'NO2'),(1583,99.06,'2021-05-08','23:00:00',39,'O3'),(1584,0.11,'2021-05-08','23:00:00',39,'CO'),(1585,4.63,'2021-05-08','22:00:00',39,'SO2'),(1586,0.11,'2021-05-08','22:00:00',39,'CO'),(1587,24.87,'2021-05-08','22:00:00',39,'NO2'),(1588,92.16,'2021-05-08','22:00:00',39,'O3'),(1589,4.24,'2021-05-08','21:00:00',39,'SO2'),(1590,91.82,'2021-05-08','21:00:00',39,'O3'),(1591,0.11,'2021-05-08','21:00:00',39,'CO'),(1592,23.3,'2021-05-08','21:00:00',39,'NO2'),(1593,0.11,'2021-05-08','20:00:00',39,'CO'),(1594,86.88,'2021-05-08','20:00:00',39,'O3'),(1595,24.58,'2021-05-08','20:00:00',39,'NO2'),(1596,4.21,'2021-05-08','20:00:00',39,'SO2'),(1597,0.11,'2021-05-08','19:00:00',39,'CO'),(1598,88.93,'2021-05-08','19:00:00',39,'O3'),(1599,4.34,'2021-05-08','19:00:00',39,'SO2'),(1600,29.3,'2021-05-08','19:00:00',39,'NO2'),(1601,94.76,'2021-05-08','18:00:00',39,'O3'),(1602,4.21,'2021-05-08','18:00:00',39,'SO2'),(1603,0.11,'2021-05-08','18:00:00',39,'CO'),(1604,27.32,'2021-05-08','18:00:00',39,'NO2'),(1605,0.1,'2021-05-08','17:00:00',39,'CO'),(1606,20.86,'2021-05-08','17:00:00',39,'NO2'),(1607,4.12,'2021-05-08','17:00:00',39,'SO2'),(1608,99.98,'2021-05-08','17:00:00',39,'O3'),(1609,4.53,'2021-05-08','16:00:00',39,'SO2'),(1610,0.1,'2021-05-08','16:00:00',39,'CO'),(1611,17.01,'2021-05-08','16:00:00',39,'NO2'),(1612,100.39,'2021-05-08','16:00:00',39,'O3'),(1613,0.11,'2021-05-08','15:00:00',39,'CO'),(1614,5.02,'2021-05-08','15:00:00',39,'SO2'),(1615,17.49,'2021-05-08','15:00:00',39,'NO2'),(1616,96.8,'2021-05-08','15:00:00',39,'O3'),(1617,5.2,'2021-05-08','14:00:00',39,'SO2'),(1618,0.11,'2021-05-08','14:00:00',39,'CO'),(1619,20.48,'2021-05-08','14:00:00',39,'NO2'),(1620,90.68,'2021-05-08','14:00:00',39,'O3'),(1621,81.01,'2021-05-08','13:00:00',39,'O3'),(1622,5.09,'2021-05-08','13:00:00',39,'SO2'),(1623,0.13,'2021-05-08','13:00:00',39,'CO'),(1624,21.57,'2021-05-08','13:00:00',39,'NO2'),(1625,4.56,'2021-05-08','12:00:00',39,'SO2'),(1626,19.33,'2021-05-08','12:00:00',39,'NO2'),(1627,73.78,'2021-05-08','12:00:00',39,'O3'),(1628,0.13,'2021-05-08','12:00:00',39,'CO'),(1629,0.11,'2021-05-08','11:00:00',39,'CO'),(1630,69.23,'2021-05-08','11:00:00',39,'O3'),(1631,4.61,'2021-05-08','11:00:00',39,'SO2'),(1632,18.69,'2021-05-08','11:00:00',39,'NO2'),(1633,4.65,'2021-05-08','10:00:00',39,'SO2'),(1634,67.19,'2021-05-08','10:00:00',39,'O3'),(1635,0.12,'2021-05-08','10:00:00',39,'CO'),(1636,17.72,'2021-05-08','10:00:00',39,'NO2'),(1637,0.12,'2021-05-08','09:00:00',39,'CO'),(1638,60.14,'2021-05-08','09:00:00',39,'O3'),(1639,4.41,'2021-05-08','09:00:00',39,'SO2'),(1640,18.14,'2021-05-08','09:00:00',39,'NO2'),(1641,4.16,'2021-05-08','08:00:00',39,'SO2'),(1642,52.75,'2021-05-08','08:00:00',39,'O3'),(1643,0.12,'2021-05-08','08:00:00',39,'CO'),(1644,19.45,'2021-05-08','08:00:00',39,'NO2'),(1645,0.12,'2021-05-08','07:00:00',39,'CO'),(1646,53.19,'2021-05-08','07:00:00',39,'O3'),(1647,4.28,'2021-05-08','07:00:00',39,'SO2'),(1648,16.69,'2021-05-08','07:00:00',39,'NO2'),(1649,4.34,'2021-05-08','06:00:00',39,'SO2'),(1650,15.66,'2021-05-08','06:00:00',39,'NO2'),(1651,54.88,'2021-05-08','06:00:00',39,'O3'),(1652,0.12,'2021-05-08','06:00:00',39,'CO'),(1653,0.12,'2021-05-08','05:00:00',39,'CO'),(1654,13.2,'2021-05-08','05:00:00',39,'NO2'),(1655,4.75,'2021-05-08','05:00:00',39,'SO2'),(1656,61.18,'2021-05-08','05:00:00',39,'O3'),(1657,4.52,'2021-05-08','04:00:00',39,'SO2'),(1658,0.11,'2021-05-08','04:00:00',39,'CO'),(1659,17.11,'2021-05-08','04:00:00',39,'NO2'),(1660,58.01,'2021-05-08','04:00:00',39,'O3'),(1661,0.11,'2021-05-08','03:00:00',39,'CO'),(1662,3.98,'2021-05-08','03:00:00',39,'SO2'),(1663,14.2,'2021-05-08','03:00:00',39,'NO2'),(1664,59.7,'2021-05-08','03:00:00',39,'O3'),(1665,4.67,'2021-05-08','02:00:00',39,'SO2'),(1666,0.12,'2021-05-08','02:00:00',39,'CO'),(1667,20.58,'2021-05-08','02:00:00',39,'NO2'),(1668,43.1,'2021-05-08','02:00:00',39,'O3'),(1669,0.16,'2021-05-08','01:00:00',39,'CO'),(1670,4.16,'2021-05-08','01:00:00',39,'SO2'),(1671,26.82,'2021-05-08','01:00:00',39,'NO2'),(1672,35.77,'2021-05-08','01:00:00',39,'O3'),(1673,38.12,'2021-05-08','00:00:00',39,'NO2'),(1674,4.14,'2021-05-08','00:00:00',39,'SO2'),(1675,33.05,'2021-05-08','00:00:00',39,'O3'),(1676,0.36,'2021-05-08','00:00:00',39,'CO'),(1677,0.46,'2021-05-07','23:00:00',39,'CO'),(1678,4.46,'2021-05-07','23:00:00',39,'SO2'),(1679,81.74,'2021-05-07','23:00:00',39,'NO2'),(1680,10.49,'2021-05-07','23:00:00',39,'O3'),(1681,28.23,'2021-05-07','22:00:00',39,'O3'),(1682,4.15,'2021-05-07','22:00:00',39,'SO2'),(1683,73.37,'2021-05-07','22:00:00',39,'NO2'),(1684,0.45,'2021-05-07','22:00:00',39,'CO'),(1685,57.07,'2021-05-07','21:00:00',39,'NO2'),(1686,3.61,'2021-05-07','21:00:00',39,'SO2'),(1687,44.71,'2021-05-07','21:00:00',39,'O3'),(1688,0.37,'2021-05-07','21:00:00',39,'CO'),(1689,3.86,'2021-05-07','20:00:00',39,'SO2'),(1690,0.35,'2021-05-07','20:00:00',39,'CO'),(1691,81.48,'2021-05-07','20:00:00',39,'O3'),(1692,27.51,'2021-05-07','20:00:00',39,'NO2'),(1693,87.4,'2021-05-07','19:00:00',39,'O3'),(1694,3.79,'2021-05-07','19:00:00',39,'SO2'),(1695,0.26,'2021-05-07','19:00:00',39,'CO'),(1696,21.06,'2021-05-07','19:00:00',39,'NO2'),(1697,17.31,'2021-05-07','18:00:00',39,'NO2'),(1698,0.24,'2021-05-07','18:00:00',39,'CO'),(1699,91.1,'2021-05-07','18:00:00',39,'O3'),(1700,3.69,'2021-05-07','18:00:00',39,'SO2'),(1701,88.91,'2021-05-07','17:00:00',39,'O3'),(1702,0.26,'2021-05-07','17:00:00',39,'CO'),(1703,3.84,'2021-05-07','17:00:00',39,'SO2'),(1704,19.38,'2021-05-07','17:00:00',39,'NO2'),(1705,0.26,'2021-05-07','16:00:00',39,'CO'),(1706,4.1,'2021-05-07','16:00:00',39,'SO2'),(1707,17.51,'2021-05-07','16:00:00',39,'NO2'),(1708,90.85,'2021-05-07','16:00:00',39,'O3'),(1709,0.25,'2021-05-07','15:00:00',39,'CO'),(1710,3.96,'2021-05-07','15:00:00',39,'SO2'),(1711,17.58,'2021-05-07','15:00:00',39,'NO2'),(1712,85.49,'2021-05-07','15:00:00',39,'O3'),(1713,4.34,'2021-05-07','14:00:00',39,'SO2'),(1714,0.28,'2021-05-07','14:00:00',39,'CO'),(1715,19.82,'2021-05-07','14:00:00',39,'NO2'),(1716,77.87,'2021-05-07','14:00:00',39,'O3'),(1717,78.07,'2021-05-07','13:00:00',39,'O3'),(1718,4.32,'2021-05-07','13:00:00',39,'SO2'),(1719,0.27,'2021-05-07','13:00:00',39,'CO'),(1720,14.95,'2021-05-07','13:00:00',39,'NO2'),(1721,71.49,'2021-05-07','12:00:00',39,'O3'),(1722,0.28,'2021-05-07','12:00:00',39,'CO'),(1723,4.19,'2021-05-07','12:00:00',39,'SO2'),(1724,15.29,'2021-05-07','12:00:00',39,'NO2'),(1725,4.25,'2021-05-07','11:00:00',39,'SO2'),(1726,0.28,'2021-05-07','11:00:00',39,'CO'),(1727,16.76,'2021-05-07','11:00:00',39,'NO2'),(1728,65.01,'2021-05-07','11:00:00',39,'O3'),(1729,53.02,'2021-05-07','10:00:00',39,'O3'),(1730,4.26,'2021-05-07','10:00:00',39,'SO2'),(1731,19.47,'2021-05-07','10:00:00',39,'NO2'),(1732,0.29,'2021-05-07','10:00:00',39,'CO'),(1733,25.41,'2021-05-07','09:00:00',39,'NO2'),(1734,3.78,'2021-05-07','09:00:00',39,'SO2'),(1735,0.31,'2021-05-07','09:00:00',39,'CO'),(1736,35.55,'2021-05-07','09:00:00',39,'O3'),(1737,40.09,'2021-05-07','08:00:00',39,'NO2'),(1738,3.59,'2021-05-07','08:00:00',39,'SO2'),(1739,0.34,'2021-05-07','08:00:00',39,'CO'),(1740,19.39,'2021-05-07','08:00:00',39,'O3'),(1741,3.96,'2021-05-07','07:00:00',39,'SO2'),(1742,0.34,'2021-05-07','07:00:00',39,'CO'),(1743,43.16,'2021-05-07','07:00:00',39,'NO2'),(1744,15.65,'2021-05-07','07:00:00',39,'O3'),(1745,3.59,'2021-05-07','06:00:00',39,'SO2'),(1746,0.3,'2021-05-07','06:00:00',39,'CO'),(1747,26.7,'2021-05-07','06:00:00',39,'NO2'),(1748,31.37,'2021-05-07','06:00:00',39,'O3'),(1749,0.27,'2021-05-07','05:00:00',39,'CO'),(1750,13.46,'2021-05-07','05:00:00',39,'NO2'),(1751,45.12,'2021-05-07','05:00:00',39,'O3'),(1752,3.66,'2021-05-07','05:00:00',39,'SO2'),(1753,44.57,'2021-05-07','04:00:00',39,'O3'),(1754,3.58,'2021-05-07','04:00:00',39,'SO2'),(1755,0.26,'2021-05-07','04:00:00',39,'CO'),(1756,12.91,'2021-05-07','04:00:00',39,'NO2'),(1757,11.83,'2021-05-07','03:00:00',39,'NO2'),(1758,0.27,'2021-05-07','03:00:00',39,'CO'),(1759,3.68,'2021-05-07','03:00:00',39,'SO2'),(1760,49.52,'2021-05-07','03:00:00',39,'O3'),(1761,13.71,'2021-05-07','02:00:00',39,'NO2'),(1762,0.27,'2021-05-07','02:00:00',39,'CO'),(1763,3.95,'2021-05-07','02:00:00',39,'SO2'),(1764,50.24,'2021-05-07','02:00:00',39,'O3'),(1765,0.26,'2021-05-07','01:00:00',39,'CO'),(1766,3.84,'2021-05-07','01:00:00',39,'SO2'),(1767,17.63,'2021-05-07','01:00:00',39,'NO2'),(1768,46.07,'2021-05-07','01:00:00',39,'O3'),(1769,35.47,'2021-05-07','00:00:00',39,'O3'),(1770,37.31,'2021-05-07','00:00:00',39,'NO2'),(1771,3.82,'2021-05-07','00:00:00',39,'SO2'),(1772,0.29,'2021-05-07','00:00:00',39,'CO'),(1773,57.78,'2021-05-06','23:00:00',39,'NO2'),(1774,28.9,'2021-05-06','23:00:00',39,'O3'),(1775,3.9,'2021-05-06','23:00:00',39,'SO2'),(1776,0.31,'2021-05-06','23:00:00',39,'CO'),(1777,43.87,'2021-05-06','22:00:00',39,'O3'),(1778,4.5,'2021-05-06','22:00:00',39,'SO2'),(1779,0.32,'2021-05-06','22:00:00',39,'CO'),(1780,51.63,'2021-05-06','22:00:00',39,'NO2'),(1781,35.72,'2021-05-06','21:00:00',39,'NO2'),(1782,3.95,'2021-05-06','21:00:00',39,'SO2'),(1783,0.3,'2021-05-06','21:00:00',39,'CO'),(1784,69.31,'2021-05-06','21:00:00',39,'O3'),(1785,30.92,'2021-05-06','20:00:00',39,'NO2'),(1786,3.79,'2021-05-06','20:00:00',39,'SO2'),(1787,0.25,'2021-05-06','20:00:00',39,'CO'),(1788,80.52,'2021-05-06','20:00:00',39,'O3'),(1789,22.77,'2021-05-06','19:00:00',39,'NO2'),(1790,3.86,'2021-05-06','19:00:00',39,'SO2'),(1791,0.24,'2021-05-06','19:00:00',39,'CO'),(1792,91.04,'2021-05-06','19:00:00',39,'O3'),(1793,20.03,'2021-05-06','18:00:00',39,'NO2'),(1794,3.83,'2021-05-06','18:00:00',39,'SO2'),(1795,95.53,'2021-05-06','18:00:00',39,'O3'),(1796,0.23,'2021-05-06','18:00:00',39,'CO'),(1797,16.89,'2021-05-06','17:00:00',39,'NO2'),(1798,97.1,'2021-05-06','17:00:00',39,'O3'),(1799,0.21,'2021-05-06','17:00:00',39,'CO'),(1800,3.61,'2021-05-06','17:00:00',39,'SO2'),(1801,3.89,'2021-05-06','16:00:00',39,'SO2'),(1802,19.07,'2021-05-06','16:00:00',39,'NO2'),(1803,0.22,'2021-05-06','16:00:00',39,'CO'),(1804,95.12,'2021-05-06','16:00:00',39,'O3'),(1805,4.64,'2021-05-06','15:00:00',39,'SO2'),(1806,18.68,'2021-05-06','15:00:00',39,'NO2'),(1807,0.23,'2021-05-06','15:00:00',39,'CO'),(1808,94.07,'2021-05-06','15:00:00',39,'O3'),(1809,91.15,'2021-05-06','14:00:00',39,'O3'),(1810,17.21,'2021-05-06','14:00:00',39,'NO2'),(1811,5.54,'2021-05-06','14:00:00',39,'SO2'),(1812,0.26,'2021-05-06','14:00:00',39,'CO'),(1813,78.07,'2021-05-06','13:00:00',39,'O3'),(1814,25.51,'2021-05-06','13:00:00',39,'NO2'),(1815,6.81,'2021-05-06','13:00:00',39,'SO2'),(1816,0.26,'2021-05-06','13:00:00',39,'CO'),(1817,0.26,'2021-05-06','12:00:00',39,'CO'),(1818,8.11,'2021-05-06','12:00:00',39,'SO2'),(1819,21.6,'2021-05-06','12:00:00',39,'NO2'),(1820,64.14,'2021-05-06','12:00:00',39,'O3'),(1821,30.26,'2021-05-06','11:00:00',39,'NO2'),(1822,48.18,'2021-05-06','11:00:00',39,'O3'),(1823,9.87,'2021-05-06','11:00:00',39,'SO2'),(1824,0.27,'2021-05-06','11:00:00',39,'CO'),(1825,0.27,'2021-05-06','10:00:00',39,'CO'),(1826,9.37,'2021-05-06','10:00:00',39,'SO2'),(1827,36.67,'2021-05-06','10:00:00',39,'NO2'),(1828,32.15,'2021-05-06','10:00:00',39,'O3'),(1829,0.36,'2021-05-06','08:00:00',39,'CO'),(1830,8.8,'2021-05-06','08:00:00',39,'SO2'),(1831,12.25,'2021-05-06','08:00:00',39,'O3'),(1832,45.34,'2021-05-06','08:00:00',39,'NO2'),(1833,6.57,'2021-05-06','07:00:00',39,'SO2'),(1834,45.82,'2021-05-06','07:00:00',39,'NO2'),(1835,8.36,'2021-05-06','07:00:00',39,'O3'),(1836,0.29,'2021-05-06','07:00:00',39,'CO'),(1837,0.21,'2021-05-06','06:00:00',39,'CO'),(1838,16.68,'2021-05-06','06:00:00',39,'O3'),(1839,4.14,'2021-05-06','06:00:00',39,'SO2'),(1840,37.8,'2021-05-06','06:00:00',39,'NO2'),(1841,31.26,'2021-05-06','05:00:00',39,'NO2'),(1842,0.18,'2021-05-06','05:00:00',39,'CO'),(1843,4.2,'2021-05-06','05:00:00',39,'SO2'),(1844,26.07,'2021-05-06','05:00:00',39,'O3'),(1845,0.17,'2021-05-06','04:00:00',39,'CO'),(1846,4.22,'2021-05-06','04:00:00',39,'SO2'),(1847,19.31,'2021-05-06','04:00:00',39,'NO2'),(1848,34.93,'2021-05-06','04:00:00',39,'O3'),(1849,0.16,'2021-05-06','03:00:00',39,'CO'),(1850,4.03,'2021-05-06','03:00:00',39,'SO2'),(1851,20.18,'2021-05-06','03:00:00',39,'NO2'),(1852,32.51,'2021-05-06','03:00:00',39,'O3'),(1853,40.58,'2021-05-06','02:00:00',39,'O3'),(1854,16.94,'2021-05-06','02:00:00',39,'NO2'),(1855,4.2,'2021-05-06','02:00:00',39,'SO2'),(1856,0.15,'2021-05-06','02:00:00',39,'CO'),(1857,4.22,'2021-05-06','01:00:00',39,'SO2'),(1858,11.28,'2021-05-06','01:00:00',39,'NO2'),(1859,0.15,'2021-05-06','01:00:00',39,'CO'),(1860,52.9,'2021-05-06','01:00:00',39,'O3'),(1861,47.41,'2021-05-06','00:00:00',39,'O3'),(1862,3.94,'2021-05-06','00:00:00',39,'SO2'),(1863,0.17,'2021-05-06','00:00:00',39,'CO'),(1864,22.86,'2021-05-06','00:00:00',39,'NO2'),(1865,0.17,'2021-05-05','23:00:00',39,'CO'),(1866,3.99,'2021-05-05','23:00:00',39,'SO2'),(1867,21.09,'2021-05-05','23:00:00',39,'NO2'),(1868,57.19,'2021-05-05','23:00:00',39,'O3'),(1869,3.96,'2021-05-05','22:00:00',39,'SO2'),(1870,0.17,'2021-05-05','22:00:00',39,'CO'),(1871,54.38,'2021-05-05','22:00:00',39,'O3'),(1872,31.11,'2021-05-05','22:00:00',39,'NO2'),(1873,0.16,'2021-05-05','21:00:00',39,'CO'),(1874,3.77,'2021-05-05','21:00:00',39,'SO2'),(1875,21.19,'2021-05-05','21:00:00',39,'NO2'),(1876,69.21,'2021-05-05','21:00:00',39,'O3'),(1877,73.46,'2021-05-05','20:00:00',39,'O3'),(1878,3.71,'2021-05-05','20:00:00',39,'SO2'),(1879,0.19,'2021-05-05','20:00:00',39,'CO'),(1880,21.7,'2021-05-05','20:00:00',39,'NO2'),(1881,3.9,'2021-05-05','19:00:00',39,'SO2'),(1882,17.05,'2021-05-05','19:00:00',39,'NO2'),(1883,0.16,'2021-05-05','19:00:00',39,'CO'),(1884,78.01,'2021-05-05','19:00:00',39,'O3'),(1885,78.57,'2021-05-05','18:00:00',39,'O3'),(1886,16.38,'2021-05-05','18:00:00',39,'NO2'),(1887,3.92,'2021-05-05','18:00:00',39,'SO2'),(1888,0.15,'2021-05-05','18:00:00',39,'CO'),(1889,0.14,'2021-05-05','17:00:00',39,'CO'),(1890,16.68,'2021-05-05','17:00:00',39,'NO2'),(1891,3.72,'2021-05-05','17:00:00',39,'SO2'),(1892,76.57,'2021-05-05','17:00:00',39,'O3'),(1893,0.14,'2021-05-05','16:00:00',39,'CO'),(1894,79.18,'2021-05-05','16:00:00',39,'O3'),(1895,3.98,'2021-05-05','16:00:00',39,'SO2'),(1896,15.07,'2021-05-05','16:00:00',39,'NO2'),(1897,16.86,'2021-05-05','15:00:00',39,'NO2'),(1898,4.01,'2021-05-05','15:00:00',39,'SO2'),(1899,0.16,'2021-05-05','15:00:00',39,'CO'),(1900,77.44,'2021-05-05','15:00:00',39,'O3'),(1901,14.72,'2021-05-05','14:00:00',39,'NO2'),(1902,79.27,'2021-05-05','14:00:00',39,'O3'),(1903,4.14,'2021-05-05','14:00:00',39,'SO2'),(1904,0.16,'2021-05-05','14:00:00',39,'CO'),(1905,14.32,'2021-05-05','13:00:00',39,'NO2'),(1906,4.19,'2021-05-05','13:00:00',39,'SO2'),(1907,0.16,'2021-05-05','13:00:00',39,'CO'),(1908,78.12,'2021-05-05','13:00:00',39,'O3'),(1909,0.17,'2021-05-05','12:00:00',39,'CO'),(1910,16.57,'2021-05-05','12:00:00',39,'NO2'),(1911,74.09,'2021-05-05','12:00:00',39,'O3'),(1912,4.49,'2021-05-05','12:00:00',39,'SO2'),(1913,4.24,'2021-05-05','11:00:00',39,'SO2'),(1914,16.23,'2021-05-05','11:00:00',39,'NO2'),(1915,72.23,'2021-05-05','11:00:00',39,'O3'),(1916,0.16,'2021-05-05','11:00:00',39,'CO'),(1917,0.16,'2021-05-05','10:00:00',39,'CO'),(1918,4.57,'2021-05-05','10:00:00',39,'SO2'),(1919,66.53,'2021-05-05','10:00:00',39,'O3'),(1920,16.71,'2021-05-05','10:00:00',39,'NO2'),(1921,0.19,'2021-05-05','09:00:00',39,'CO'),(1922,27.67,'2021-05-05','09:00:00',39,'NO2'),(1923,4.75,'2021-05-05','09:00:00',39,'SO2'),(1924,52.83,'2021-05-05','09:00:00',39,'O3'),(1925,48.75,'2021-05-05','08:00:00',39,'O3'),(1926,0.19,'2021-05-05','08:00:00',39,'CO'),(1927,29.05,'2021-05-05','08:00:00',39,'NO2'),(1928,4.68,'2021-05-05','08:00:00',39,'SO2'),(1929,0.19,'2021-05-05','07:00:00',39,'CO'),(1930,50.89,'2021-05-05','07:00:00',39,'O3'),(1931,4.45,'2021-05-05','07:00:00',39,'SO2'),(1932,27.49,'2021-05-05','07:00:00',39,'NO2'),(1933,0.16,'2021-05-05','06:00:00',39,'CO'),(1934,18.05,'2021-05-05','06:00:00',39,'NO2'),(1935,4.29,'2021-05-05','06:00:00',39,'SO2'),(1936,61.42,'2021-05-05','06:00:00',39,'O3'),(1937,4.25,'2021-05-05','05:00:00',39,'SO2'),(1938,0.14,'2021-05-05','05:00:00',39,'CO'),(1939,13.2,'2021-05-05','05:00:00',39,'NO2'),(1940,65.64,'2021-05-05','05:00:00',39,'O3'),(1941,4.53,'2021-05-05','04:00:00',39,'SO2'),(1942,0.13,'2021-05-05','04:00:00',39,'CO'),(1943,71.32,'2021-05-05','04:00:00',39,'O3'),(1944,11.1,'2021-05-05','04:00:00',39,'NO2'),(1945,10.9,'2021-05-05','03:00:00',39,'NO2'),(1946,77.59,'2021-05-05','03:00:00',39,'O3'),(1947,4.39,'2021-05-05','03:00:00',39,'SO2'),(1948,0.13,'2021-05-05','03:00:00',39,'CO'),(1949,11.17,'2021-05-05','02:00:00',39,'NO2'),(1950,4.35,'2021-05-05','02:00:00',39,'SO2'),(1951,0.14,'2021-05-05','02:00:00',39,'CO'),(1952,84.69,'2021-05-05','02:00:00',39,'O3'),(1953,4.26,'2021-05-05','01:00:00',39,'SO2'),(1954,0.14,'2021-05-05','01:00:00',39,'CO'),(1955,12.86,'2021-05-05','01:00:00',39,'NO2'),(1956,81.82,'2021-05-05','01:00:00',39,'O3'),(1957,3.88,'2021-05-05','00:00:00',39,'SO2'),(1958,0.17,'2021-05-05','00:00:00',39,'CO'),(1959,35.38,'2021-05-05','00:00:00',39,'NO2'),(1960,55.01,'2021-05-05','00:00:00',39,'O3'),(1961,0.29,'2021-05-04','23:00:00',39,'CO'),(1962,4.02,'2021-05-04','23:00:00',39,'SO2'),(1963,83.25,'2021-05-04','23:00:00',39,'NO2'),(1964,20.94,'2021-05-04','23:00:00',39,'O3'),(1965,0.24,'2021-05-04','22:00:00',39,'CO'),(1966,3.93,'2021-05-04','22:00:00',39,'SO2'),(1967,62.94,'2021-05-04','22:00:00',39,'NO2'),(1968,51.18,'2021-05-04','22:00:00',39,'O3'),(1969,0.2,'2021-05-04','21:00:00',39,'CO'),(1970,56.67,'2021-05-04','21:00:00',39,'NO2'),(1971,4.23,'2021-05-04','21:00:00',39,'SO2'),(1972,66.4,'2021-05-04','21:00:00',39,'O3'),(1973,4.05,'2021-05-04','20:00:00',39,'SO2'),(1974,93.94,'2021-05-04','20:00:00',39,'O3'),(1975,0.15,'2021-05-04','20:00:00',39,'CO'),(1976,31.87,'2021-05-04','20:00:00',39,'NO2'),(1977,103.91,'2021-05-04','19:00:00',39,'O3'),(1978,22.16,'2021-05-04','19:00:00',39,'NO2'),(1979,3.92,'2021-05-04','19:00:00',39,'SO2'),(1980,0.14,'2021-05-04','19:00:00',39,'CO'),(1981,23.89,'2021-05-04','18:00:00',39,'NO2'),(1982,4.09,'2021-05-04','18:00:00',39,'SO2'),(1983,0.15,'2021-05-04','18:00:00',39,'CO'),(1984,103.76,'2021-05-04','18:00:00',39,'O3'),(1985,4.24,'2021-05-04','17:00:00',39,'SO2'),(1986,26.74,'2021-05-04','17:00:00',39,'NO2'),(1987,0.15,'2021-05-04','17:00:00',39,'CO'),(1988,100.87,'2021-05-04','17:00:00',39,'O3'),(1989,107.7,'2021-05-04','16:00:00',39,'O3'),(1990,0.13,'2021-05-04','16:00:00',39,'CO'),(1991,17.36,'2021-05-04','16:00:00',39,'NO2'),(1992,4.17,'2021-05-04','16:00:00',39,'SO2'),(1993,105.34,'2021-05-04','15:00:00',39,'O3'),(1994,16.87,'2021-05-04','15:00:00',39,'NO2'),(1995,4.25,'2021-05-04','15:00:00',39,'SO2'),(1996,0.15,'2021-05-04','15:00:00',39,'CO'),(1997,99.14,'2021-05-04','14:00:00',39,'O3'),(1998,4.32,'2021-05-04','14:00:00',39,'SO2'),(1999,0.17,'2021-05-04','14:00:00',39,'CO'),(2000,17.36,'2021-05-04','14:00:00',39,'NO2'),(2001,83.07,'2021-05-04','13:00:00',39,'O3'),(2002,4.54,'2021-05-04','13:00:00',39,'SO2'),(2003,0.18,'2021-05-04','13:00:00',39,'CO'),(2004,21.29,'2021-05-04','13:00:00',39,'NO2'),(2005,0.18,'2021-05-04','12:00:00',39,'CO'),(2006,75.03,'2021-05-04','12:00:00',39,'O3'),(2007,4.37,'2021-05-04','12:00:00',39,'SO2'),(2008,16.63,'2021-05-04','12:00:00',39,'NO2'),(2009,24.29,'2021-05-04','11:00:00',39,'NO2'),(2010,60.98,'2021-05-04','11:00:00',39,'O3'),(2011,4.66,'2021-05-04','11:00:00',39,'SO2'),(2012,0.19,'2021-05-04','11:00:00',39,'CO'),(2013,33.98,'2021-05-04','10:00:00',39,'NO2'),(2014,44.9,'2021-05-04','10:00:00',39,'O3'),(2015,5.22,'2021-05-04','10:00:00',39,'SO2'),(2016,0.21,'2021-05-04','10:00:00',39,'CO'),(2017,41.65,'2021-05-04','09:00:00',39,'NO2'),(2018,5.14,'2021-05-04','09:00:00',39,'SO2'),(2019,0.26,'2021-05-04','09:00:00',39,'CO'),(2020,35.99,'2021-05-04','09:00:00',39,'O3'),(2021,0.3,'2021-05-04','08:00:00',39,'CO'),(2022,4.88,'2021-05-04','08:00:00',39,'SO2'),(2023,20.65,'2021-05-04','08:00:00',39,'O3'),(2024,58,'2021-05-04','08:00:00',39,'NO2'),(2025,5.18,'2021-05-04','07:00:00',39,'SO2'),(2026,20.79,'2021-05-04','07:00:00',39,'O3'),(2027,0.24,'2021-05-04','07:00:00',39,'CO'),(2028,54.65,'2021-05-04','07:00:00',39,'NO2'),(2029,0.2,'2021-05-04','06:00:00',39,'CO'),(2030,28.3,'2021-05-04','06:00:00',39,'NO2'),(2031,4.09,'2021-05-04','06:00:00',39,'SO2'),(2032,35.24,'2021-05-04','06:00:00',39,'O3'),(2033,4.29,'2021-05-04','05:00:00',39,'SO2'),(2034,29.42,'2021-05-04','05:00:00',39,'NO2'),(2035,0.19,'2021-05-04','05:00:00',39,'CO'),(2036,42.08,'2021-05-04','05:00:00',39,'O3'),(2037,4.22,'2021-05-04','04:00:00',39,'SO2'),(2038,0.18,'2021-05-04','04:00:00',39,'CO'),(2039,18.89,'2021-05-04','04:00:00',39,'NO2'),(2040,57.68,'2021-05-04','04:00:00',39,'O3'),(2041,51.61,'2021-05-04','03:00:00',39,'O3'),(2042,18.8,'2021-05-04','03:00:00',39,'NO2'),(2043,0.17,'2021-05-04','03:00:00',39,'CO'),(2044,4.69,'2021-05-04','03:00:00',39,'SO2'),(2045,35.55,'2021-05-04','02:00:00',39,'O3'),(2046,0.19,'2021-05-04','02:00:00',39,'CO'),(2047,4.85,'2021-05-04','02:00:00',39,'SO2'),(2048,21.99,'2021-05-04','02:00:00',39,'NO2'),(2049,4.15,'2021-05-04','01:00:00',39,'SO2'),(2050,48.29,'2021-05-04','01:00:00',39,'O3'),(2051,16.85,'2021-05-04','01:00:00',39,'NO2'),(2052,0.19,'2021-05-04','01:00:00',39,'CO'),(2053,50.5,'2021-05-04','00:00:00',39,'O3'),(2054,0.21,'2021-05-04','00:00:00',39,'CO'),(2055,22.05,'2021-05-04','00:00:00',39,'NO2'),(2056,4.26,'2021-05-04','00:00:00',39,'SO2'),(2057,4.17,'2021-05-03','23:00:00',39,'SO2'),(2058,0.24,'2021-05-03','23:00:00',39,'CO'),(2059,42.96,'2021-05-03','23:00:00',39,'O3'),(2060,39.13,'2021-05-03','23:00:00',39,'NO2'),(2061,4.64,'2021-05-03','22:00:00',39,'SO2'),(2062,0.22,'2021-05-03','22:00:00',39,'CO'),(2063,29.92,'2021-05-03','22:00:00',39,'NO2'),(2064,58.84,'2021-05-03','22:00:00',39,'O3'),(2065,60.81,'2021-05-03','21:00:00',39,'O3'),(2066,5.76,'2021-05-03','21:00:00',39,'SO2'),(2067,0.23,'2021-05-03','21:00:00',39,'CO'),(2068,37.16,'2021-05-03','21:00:00',39,'NO2'),(2069,71.31,'2021-05-03','20:00:00',39,'O3'),(2070,5.21,'2021-05-03','20:00:00',39,'SO2'),(2071,0.21,'2021-05-03','20:00:00',39,'CO'),(2072,42.31,'2021-05-03','20:00:00',39,'NO2'),(2073,4.66,'2021-05-03','19:00:00',39,'SO2'),(2074,75.38,'2021-05-03','19:00:00',39,'O3'),(2075,0.19,'2021-05-03','19:00:00',39,'CO'),(2076,40.8,'2021-05-03','19:00:00',39,'NO2'),(2077,0.2,'2021-05-03','18:00:00',39,'CO'),(2078,36,'2021-05-03','18:00:00',39,'NO2'),(2079,4.33,'2021-05-03','18:00:00',39,'SO2'),(2080,78.37,'2021-05-03','18:00:00',39,'O3'),(2081,30.03,'2021-05-03','17:00:00',39,'NO2'),(2082,81.45,'2021-05-03','17:00:00',39,'O3'),(2083,4.36,'2021-05-03','17:00:00',39,'SO2'),(2084,0.18,'2021-05-03','17:00:00',39,'CO'),(2085,25.86,'2021-05-03','16:00:00',39,'NO2'),(2086,84.73,'2021-05-03','16:00:00',39,'O3'),(2087,4.22,'2021-05-03','16:00:00',39,'SO2'),(2088,0.18,'2021-05-03','16:00:00',39,'CO'),(2089,82.54,'2021-05-03','15:00:00',39,'O3'),(2090,27.46,'2021-05-03','15:00:00',39,'NO2'),(2091,4.02,'2021-05-03','15:00:00',39,'SO2'),(2092,0.18,'2021-05-03','15:00:00',39,'CO'),(2093,4.21,'2021-05-03','14:00:00',39,'SO2'),(2094,84.4,'2021-05-03','14:00:00',39,'O3'),(2095,0.18,'2021-05-03','14:00:00',39,'CO'),(2096,21.71,'2021-05-03','14:00:00',39,'NO2'),(2097,21.24,'2021-05-03','13:00:00',39,'NO2'),(2098,4.89,'2021-05-03','13:00:00',39,'SO2'),(2099,0.18,'2021-05-03','13:00:00',39,'CO'),(2100,88.28,'2021-05-03','13:00:00',39,'O3'),(2101,84.03,'2021-05-03','12:00:00',39,'O3'),(2102,5.25,'2021-05-03','12:00:00',39,'SO2'),(2103,0.18,'2021-05-03','12:00:00',39,'CO'),(2104,22.31,'2021-05-03','12:00:00',39,'NO2'),(2105,21.53,'2021-05-03','11:00:00',39,'NO2'),(2106,82.89,'2021-05-03','11:00:00',39,'O3'),(2107,5.11,'2021-05-03','11:00:00',39,'SO2'),(2108,0.18,'2021-05-03','11:00:00',39,'CO'),(2109,0.2,'2021-05-03','10:00:00',39,'CO'),(2110,5.5,'2021-05-03','10:00:00',39,'SO2'),(2111,63.69,'2021-05-03','10:00:00',39,'O3'),(2112,32.49,'2021-05-03','10:00:00',39,'NO2'),(2113,5.72,'2021-05-03','09:00:00',39,'SO2'),(2114,0.25,'2021-05-03','09:00:00',39,'CO'),(2115,49.03,'2021-05-03','09:00:00',39,'NO2'),(2116,39.3,'2021-05-03','09:00:00',39,'O3'),(2117,62.74,'2021-05-03','08:00:00',39,'NO2'),(2118,4.52,'2021-05-03','08:00:00',39,'SO2'),(2119,0.32,'2021-05-03','08:00:00',39,'CO'),(2120,19.35,'2021-05-03','08:00:00',39,'O3'),(2121,0.27,'2021-05-03','07:00:00',39,'CO'),(2122,53.82,'2021-05-03','07:00:00',39,'NO2'),(2123,4.14,'2021-05-03','07:00:00',39,'SO2'),(2124,23.92,'2021-05-03','07:00:00',39,'O3'),(2125,35.9,'2021-05-03','06:00:00',39,'NO2'),(2126,3.91,'2021-05-03','06:00:00',39,'SO2'),(2127,0.23,'2021-05-03','06:00:00',39,'CO'),(2128,38.55,'2021-05-03','06:00:00',39,'O3'),(2129,3.86,'2021-05-03','05:00:00',39,'SO2'),(2130,0.2,'2021-05-03','05:00:00',39,'CO'),(2131,26.09,'2021-05-03','05:00:00',39,'NO2'),(2132,47.41,'2021-05-03','05:00:00',39,'O3'),(2133,12.35,'2021-05-03','04:00:00',39,'NO2'),(2134,3.78,'2021-05-03','04:00:00',39,'SO2'),(2135,0.18,'2021-05-03','04:00:00',39,'CO'),(2136,69.55,'2021-05-03','04:00:00',39,'O3'),(2137,10.06,'2021-05-03','03:00:00',39,'NO2'),(2138,76.4,'2021-05-03','03:00:00',39,'O3'),(2139,0.17,'2021-05-03','03:00:00',39,'CO'),(2140,3.94,'2021-05-03','03:00:00',39,'SO2'),(2141,4.19,'2021-05-03','02:00:00',39,'SO2'),(2142,0.16,'2021-05-03','02:00:00',39,'CO'),(2143,10.59,'2021-05-03','02:00:00',39,'NO2'),(2144,72.54,'2021-05-03','02:00:00',39,'O3'),(2145,3.85,'2021-05-03','01:00:00',39,'SO2'),(2146,68.39,'2021-05-03','01:00:00',39,'O3'),(2147,13.06,'2021-05-03','01:00:00',39,'NO2'),(2148,0.15,'2021-05-03','01:00:00',39,'CO'),(2149,0.13,'2021-05-03','00:00:00',39,'CO'),(2150,72.68,'2021-05-03','00:00:00',39,'O3'),(2151,12.61,'2021-05-03','00:00:00',39,'NO2'),(2152,4.03,'2021-05-03','00:00:00',39,'SO2'),(2153,30.97,'2021-05-09','00:00:00',36,'PM10'),(2154,0.16,'2021-05-09','00:00:00',36,'CO'),(2155,98.38,'2021-05-09','00:00:00',36,'O3'),(2156,8.43,'2021-05-09','00:00:00',36,'NO2'),(2157,5.43,'2021-05-09','00:00:00',36,'SO2'),(2158,10.96,'2021-05-08','23:00:00',36,'NO2'),(2159,0.2,'2021-05-08','23:00:00',36,'CO'),(2160,32.49,'2021-05-08','23:00:00',36,'PM10'),(2161,4.52,'2021-05-08','23:00:00',36,'SO2'),(2162,94.2,'2021-05-08','23:00:00',36,'O3'),(2163,15.31,'2021-05-08','22:00:00',36,'NO2'),(2164,32.52,'2021-05-08','22:00:00',36,'PM10'),(2165,4.53,'2021-05-08','22:00:00',36,'SO2'),(2166,87.88,'2021-05-08','22:00:00',36,'O3'),(2167,0.22,'2021-05-08','22:00:00',36,'CO'),(2168,28.45,'2021-05-08','21:00:00',36,'PM10'),(2169,0.2,'2021-05-08','21:00:00',36,'CO'),(2170,4.09,'2021-05-08','21:00:00',36,'SO2'),(2171,13.45,'2021-05-08','21:00:00',36,'NO2'),(2172,88.79,'2021-05-08','21:00:00',36,'O3'),(2173,4.09,'2021-05-08','20:00:00',36,'SO2'),(2174,0.19,'2021-05-08','20:00:00',36,'CO'),(2175,26.53,'2021-05-08','20:00:00',36,'PM10'),(2176,12.68,'2021-05-08','20:00:00',36,'NO2'),(2177,87.35,'2021-05-08','20:00:00',36,'O3'),(2178,17.24,'2021-05-08','19:00:00',36,'NO2'),(2179,21.01,'2021-05-08','19:00:00',36,'PM10'),(2180,0.21,'2021-05-08','19:00:00',36,'CO'),(2181,86.89,'2021-05-08','19:00:00',36,'O3'),(2182,4.52,'2021-05-08','19:00:00',36,'SO2'),(2183,14.64,'2021-05-08','18:00:00',36,'NO2'),(2184,0.21,'2021-05-08','18:00:00',36,'CO'),(2185,4.08,'2021-05-08','18:00:00',36,'SO2'),(2186,18.76,'2021-05-08','18:00:00',36,'PM10'),(2187,92.95,'2021-05-08','18:00:00',36,'O3'),(2188,95.73,'2021-05-08','17:00:00',36,'O3'),(2189,4.05,'2021-05-08','17:00:00',36,'SO2'),(2190,0.2,'2021-05-08','17:00:00',36,'CO'),(2191,12.57,'2021-05-08','17:00:00',36,'NO2'),(2192,13.38,'2021-05-08','17:00:00',36,'PM10'),(2193,16.12,'2021-05-08','16:00:00',36,'PM10'),(2194,0.21,'2021-05-08','16:00:00',36,'CO'),(2195,4.17,'2021-05-08','16:00:00',36,'SO2'),(2196,9.66,'2021-05-08','16:00:00',36,'NO2'),(2197,96.3,'2021-05-08','16:00:00',36,'O3'),(2198,11.69,'2021-05-08','15:00:00',36,'NO2'),(2199,91.99,'2021-05-08','15:00:00',36,'O3'),(2200,4.39,'2021-05-08','15:00:00',36,'SO2'),(2201,0.22,'2021-05-08','15:00:00',36,'CO'),(2202,17.18,'2021-05-08','15:00:00',36,'PM10'),(2203,20.31,'2021-05-08','14:00:00',36,'PM10'),(2204,4.48,'2021-05-08','14:00:00',36,'SO2'),(2205,0.25,'2021-05-08','14:00:00',36,'CO'),(2206,14.48,'2021-05-08','14:00:00',36,'NO2'),(2207,84.17,'2021-05-08','14:00:00',36,'O3'),(2208,14.66,'2021-05-08','13:00:00',36,'NO2'),(2209,77.51,'2021-05-08','13:00:00',36,'O3'),(2210,4.39,'2021-05-08','13:00:00',36,'SO2'),(2211,0.25,'2021-05-08','13:00:00',36,'CO'),(2212,25.6,'2021-05-08','13:00:00',36,'PM10'),(2213,13.3,'2021-05-08','12:00:00',36,'NO2'),(2214,30.25,'2021-05-08','12:00:00',36,'PM10'),(2215,4.31,'2021-05-08','12:00:00',36,'SO2'),(2216,0.24,'2021-05-08','12:00:00',36,'CO'),(2217,71.05,'2021-05-08','12:00:00',36,'O3'),(2218,67.83,'2021-05-08','11:00:00',36,'O3'),(2219,11.99,'2021-05-08','11:00:00',36,'NO2'),(2220,4.09,'2021-05-08','11:00:00',36,'SO2'),(2221,0.23,'2021-05-08','11:00:00',36,'CO'),(2222,33.03,'2021-05-08','11:00:00',36,'PM10'),(2223,60.89,'2021-05-08','10:00:00',36,'O3'),(2224,11.56,'2021-05-08','10:00:00',36,'NO2'),(2225,4.05,'2021-05-08','10:00:00',36,'SO2'),(2226,0.22,'2021-05-08','10:00:00',36,'CO'),(2227,32.54,'2021-05-08','10:00:00',36,'PM10'),(2228,3.92,'2021-05-08','09:00:00',36,'SO2'),(2229,0.21,'2021-05-08','09:00:00',36,'CO'),(2230,10.58,'2021-05-08','09:00:00',36,'NO2'),(2231,35.63,'2021-05-08','09:00:00',36,'PM10'),(2232,55.09,'2021-05-08','09:00:00',36,'O3'),(2233,0.21,'2021-05-08','08:00:00',36,'CO'),(2234,37.38,'2021-05-08','08:00:00',36,'PM10'),(2235,3.93,'2021-05-08','08:00:00',36,'SO2'),(2236,11.78,'2021-05-08','08:00:00',36,'NO2'),(2237,52.12,'2021-05-08','08:00:00',36,'O3'),(2238,10.3,'2021-05-08','07:00:00',36,'NO2'),(2239,53.81,'2021-05-08','07:00:00',36,'O3'),(2240,0.2,'2021-05-08','07:00:00',36,'CO'),(2241,3.94,'2021-05-08','07:00:00',36,'SO2'),(2242,42.72,'2021-05-08','07:00:00',36,'PM10'),(2243,3.9,'2021-05-08','06:00:00',36,'SO2'),(2244,0.18,'2021-05-08','06:00:00',36,'CO'),(2245,42.62,'2021-05-08','06:00:00',36,'PM10'),(2246,8.34,'2021-05-08','06:00:00',36,'NO2'),(2247,57.38,'2021-05-08','06:00:00',36,'O3'),(2248,7.09,'2021-05-08','05:00:00',36,'NO2'),(2249,37.86,'2021-05-08','05:00:00',36,'PM10'),(2250,63,'2021-05-08','05:00:00',36,'O3'),(2251,0.17,'2021-05-08','05:00:00',36,'CO'),(2252,4.04,'2021-05-08','05:00:00',36,'SO2'),(2253,38.71,'2021-05-08','04:00:00',36,'PM10'),(2254,4.23,'2021-05-08','04:00:00',36,'SO2'),(2255,0.18,'2021-05-08','04:00:00',36,'CO'),(2256,7.88,'2021-05-08','04:00:00',36,'NO2'),(2257,63.93,'2021-05-08','04:00:00',36,'O3'),(2258,0.18,'2021-05-08','03:00:00',36,'CO'),(2259,4.74,'2021-05-08','03:00:00',36,'SO2'),(2260,54.6,'2021-05-08','03:00:00',36,'O3'),(2261,11.02,'2021-05-08','03:00:00',36,'NO2'),(2262,41.13,'2021-05-08','03:00:00',36,'PM10'),(2263,12.81,'2021-05-08','02:00:00',36,'NO2'),(2264,4.38,'2021-05-08','02:00:00',36,'SO2'),(2265,0.19,'2021-05-08','02:00:00',36,'CO'),(2266,38.28,'2021-05-08','02:00:00',36,'PM10'),(2267,38.54,'2021-05-08','02:00:00',36,'O3'),(2268,38.07,'2021-05-08','01:00:00',36,'O3'),(2269,11.4,'2021-05-08','01:00:00',36,'NO2'),(2270,38.16,'2021-05-08','01:00:00',36,'PM10'),(2271,0.2,'2021-05-08','01:00:00',36,'CO'),(2272,3.87,'2021-05-08','01:00:00',36,'SO2'),(2273,40.96,'2021-05-08','00:00:00',36,'O3'),(2274,12.1,'2021-05-08','00:00:00',36,'NO2'),(2275,0.21,'2021-05-08','00:00:00',36,'CO'),(2276,3.84,'2021-05-08','00:00:00',36,'SO2'),(2277,44.66,'2021-05-08','00:00:00',36,'PM10'),(2278,3.91,'2021-05-07','23:00:00',36,'SO2'),(2279,21.63,'2021-05-07','23:00:00',36,'NO2'),(2280,0.27,'2021-05-07','23:00:00',36,'CO'),(2281,44.96,'2021-05-07','23:00:00',36,'PM10'),(2282,36.31,'2021-05-07','23:00:00',36,'O3'),(2283,21.25,'2021-05-07','22:00:00',36,'NO2'),(2284,51.78,'2021-05-07','22:00:00',36,'PM10'),(2285,45.23,'2021-05-07','22:00:00',36,'O3'),(2286,3.84,'2021-05-07','22:00:00',36,'SO2'),(2287,0.36,'2021-05-07','22:00:00',36,'CO'),(2288,0.35,'2021-05-07','21:00:00',36,'CO'),(2289,65.96,'2021-05-07','21:00:00',36,'O3'),(2290,48.48,'2021-05-07','21:00:00',36,'PM10'),(2291,3.98,'2021-05-07','21:00:00',36,'SO2'),(2292,15.09,'2021-05-07','21:00:00',36,'NO2'),(2293,37.34,'2021-05-07','20:00:00',36,'PM10'),(2294,0.36,'2021-05-07','20:00:00',36,'CO'),(2295,75.83,'2021-05-07','20:00:00',36,'O3'),(2296,3.96,'2021-05-07','20:00:00',36,'SO2'),(2297,17.25,'2021-05-07','20:00:00',36,'NO2'),(2298,84.63,'2021-05-07','19:00:00',36,'O3'),(2299,0.21,'2021-05-07','19:00:00',36,'CO'),(2300,13.65,'2021-05-07','19:00:00',36,'NO2'),(2301,3.92,'2021-05-07','19:00:00',36,'SO2'),(2302,20.11,'2021-05-07','19:00:00',36,'PM10'),(2303,12.63,'2021-05-07','18:00:00',36,'NO2'),(2304,3.94,'2021-05-07','18:00:00',36,'SO2'),(2305,0.21,'2021-05-07','18:00:00',36,'CO'),(2306,13.38,'2021-05-07','18:00:00',36,'PM10'),(2307,86.85,'2021-05-07','18:00:00',36,'O3'),(2308,9.78,'2021-05-07','17:00:00',36,'NO2'),(2309,14.16,'2021-05-07','17:00:00',36,'PM10'),(2310,92.27,'2021-05-07','17:00:00',36,'O3'),(2311,3.97,'2021-05-07','17:00:00',36,'SO2'),(2312,0.21,'2021-05-07','17:00:00',36,'CO'),(2313,0.21,'2021-05-07','16:00:00',36,'CO'),(2314,12.53,'2021-05-07','16:00:00',36,'PM10'),(2315,3.99,'2021-05-07','16:00:00',36,'SO2'),(2316,8.72,'2021-05-07','16:00:00',36,'NO2'),(2317,89.7,'2021-05-07','16:00:00',36,'O3'),(2318,10.13,'2021-05-07','15:00:00',36,'NO2'),(2319,83.19,'2021-05-07','15:00:00',36,'O3'),(2320,0.2,'2021-05-07','15:00:00',36,'CO'),(2321,4.02,'2021-05-07','15:00:00',36,'SO2'),(2322,13.8,'2021-05-07','15:00:00',36,'PM10'),(2323,18.59,'2021-05-07','14:00:00',36,'PM10'),(2324,0.21,'2021-05-07','14:00:00',36,'CO'),(2325,4.02,'2021-05-07','14:00:00',36,'SO2'),(2326,8.02,'2021-05-07','14:00:00',36,'NO2'),(2327,80.17,'2021-05-07','14:00:00',36,'O3'),(2328,77.58,'2021-05-07','13:00:00',36,'O3'),(2329,4.04,'2021-05-07','13:00:00',36,'SO2'),(2330,0.21,'2021-05-07','13:00:00',36,'CO'),(2331,7.68,'2021-05-07','13:00:00',36,'NO2'),(2332,24.48,'2021-05-07','13:00:00',36,'PM10'),(2333,70.58,'2021-05-07','12:00:00',36,'O3'),(2334,4.04,'2021-05-07','12:00:00',36,'SO2'),(2335,0.21,'2021-05-07','12:00:00',36,'CO'),(2336,8.37,'2021-05-07','12:00:00',36,'NO2'),(2337,25.44,'2021-05-07','12:00:00',36,'PM10'),(2338,24.75,'2021-05-07','11:00:00',36,'PM10'),(2339,4.08,'2021-05-07','11:00:00',36,'SO2'),(2340,0.2,'2021-05-07','11:00:00',36,'CO'),(2341,9.01,'2021-05-07','11:00:00',36,'NO2'),(2342,65.45,'2021-05-07','11:00:00',36,'O3'),(2343,10.83,'2021-05-07','10:00:00',36,'NO2'),(2344,4.06,'2021-05-07','10:00:00',36,'SO2'),(2345,21.47,'2021-05-07','10:00:00',36,'PM10'),(2346,0.2,'2021-05-07','10:00:00',36,'CO'),(2347,55.91,'2021-05-07','10:00:00',36,'O3'),(2348,4.1,'2021-05-07','09:00:00',36,'SO2'),(2349,0.26,'2021-05-07','09:00:00',36,'CO'),(2350,24.61,'2021-05-07','09:00:00',36,'NO2'),(2351,30.08,'2021-05-07','09:00:00',36,'PM10'),(2352,28.69,'2021-05-07','09:00:00',36,'O3'),(2353,19.24,'2021-05-07','08:00:00',36,'O3'),(2354,4.15,'2021-05-07','08:00:00',36,'SO2'),(2355,28.32,'2021-05-07','08:00:00',36,'NO2'),(2356,31.03,'2021-05-07','08:00:00',36,'PM10'),(2357,0.27,'2021-05-07','08:00:00',36,'CO'),(2358,3.91,'2021-05-07','07:00:00',36,'SO2'),(2359,0.23,'2021-05-07','07:00:00',36,'CO'),(2360,18.42,'2021-05-07','07:00:00',36,'NO2'),(2361,29.28,'2021-05-07','07:00:00',36,'PM10'),(2362,26.3,'2021-05-07','07:00:00',36,'O3'),(2363,3.94,'2021-05-07','06:00:00',36,'SO2'),(2364,0.19,'2021-05-07','06:00:00',36,'CO'),(2365,12.95,'2021-05-07','06:00:00',36,'NO2'),(2366,20.95,'2021-05-07','06:00:00',36,'PM10'),(2367,38.49,'2021-05-07','06:00:00',36,'O3'),(2368,4.07,'2021-05-07','05:00:00',36,'SO2'),(2369,0.18,'2021-05-07','05:00:00',36,'CO'),(2370,9.2,'2021-05-07','05:00:00',36,'NO2'),(2371,19.8,'2021-05-07','05:00:00',36,'PM10'),(2372,47.38,'2021-05-07','05:00:00',36,'O3'),(2373,21.86,'2021-05-07','04:00:00',36,'PM10'),(2374,8.64,'2021-05-07','04:00:00',36,'NO2'),(2375,47.75,'2021-05-07','04:00:00',36,'O3'),(2376,3.96,'2021-05-07','04:00:00',36,'SO2'),(2377,0.18,'2021-05-07','04:00:00',36,'CO'),(2378,25.33,'2021-05-07','03:00:00',36,'PM10'),(2379,48.54,'2021-05-07','03:00:00',36,'O3'),(2380,4.09,'2021-05-07','03:00:00',36,'SO2'),(2381,8.92,'2021-05-07','03:00:00',36,'NO2'),(2382,0.18,'2021-05-07','03:00:00',36,'CO'),(2383,3.94,'2021-05-07','02:00:00',36,'SO2'),(2384,0.19,'2021-05-07','02:00:00',36,'CO'),(2385,9.56,'2021-05-07','02:00:00',36,'NO2'),(2386,48.02,'2021-05-07','02:00:00',36,'O3'),(2387,30.3,'2021-05-07','02:00:00',36,'PM10'),(2388,4.02,'2021-05-07','01:00:00',36,'SO2'),(2389,45.19,'2021-05-07','01:00:00',36,'O3'),(2390,10.96,'2021-05-07','01:00:00',36,'NO2'),(2391,0.2,'2021-05-07','01:00:00',36,'CO'),(2392,33.87,'2021-05-07','01:00:00',36,'PM10'),(2393,0.2,'2021-05-07','00:00:00',36,'CO'),(2394,50.3,'2021-05-07','00:00:00',36,'O3'),(2395,4.07,'2021-05-07','00:00:00',36,'SO2'),(2396,37.81,'2021-05-07','00:00:00',36,'PM10'),(2397,10.92,'2021-05-07','00:00:00',36,'NO2'),(2398,19.67,'2021-05-06','23:00:00',36,'NO2'),(2399,0.26,'2021-05-06','23:00:00',36,'CO'),(2400,39.59,'2021-05-06','23:00:00',36,'PM10'),(2401,3.96,'2021-05-06','23:00:00',36,'SO2'),(2402,41.41,'2021-05-06','23:00:00',36,'O3'),(2403,39.85,'2021-05-06','22:00:00',36,'PM10'),(2404,50.61,'2021-05-06','22:00:00',36,'O3'),(2405,0.4,'2021-05-06','22:00:00',36,'CO'),(2406,4.07,'2021-05-06','22:00:00',36,'SO2'),(2407,20.8,'2021-05-06','22:00:00',36,'NO2'),(2408,28.45,'2021-05-06','21:00:00',36,'PM10'),(2409,0.3,'2021-05-06','21:00:00',36,'CO'),(2410,69.4,'2021-05-06','21:00:00',36,'O3'),(2411,18.17,'2021-05-06','21:00:00',36,'NO2'),(2412,4.45,'2021-05-06','21:00:00',36,'SO2'),(2413,0.22,'2021-05-06','20:00:00',36,'CO'),(2414,74.67,'2021-05-06','20:00:00',36,'O3'),(2415,22.14,'2021-05-06','20:00:00',36,'NO2'),(2416,4.14,'2021-05-06','20:00:00',36,'SO2'),(2417,20.27,'2021-05-06','20:00:00',36,'PM10'),(2418,14.89,'2021-05-06','19:00:00',36,'PM10'),(2419,14.22,'2021-05-06','19:00:00',36,'NO2'),(2420,86.49,'2021-05-06','19:00:00',36,'O3'),(2421,3.98,'2021-05-06','19:00:00',36,'SO2'),(2422,0.19,'2021-05-06','19:00:00',36,'CO'),(2423,4.03,'2021-05-06','18:00:00',36,'SO2'),(2424,0.2,'2021-05-06','18:00:00',36,'CO'),(2425,10.27,'2021-05-06','18:00:00',36,'PM10'),(2426,15.16,'2021-05-06','18:00:00',36,'NO2'),(2427,87.11,'2021-05-06','18:00:00',36,'O3'),(2428,3.95,'2021-05-06','17:00:00',36,'SO2'),(2429,90.25,'2021-05-06','17:00:00',36,'O3'),(2430,12.64,'2021-05-06','17:00:00',36,'NO2'),(2431,8.7,'2021-05-06','17:00:00',36,'PM10'),(2432,0.19,'2021-05-06','17:00:00',36,'CO'),(2433,0.19,'2021-05-06','16:00:00',36,'CO'),(2434,11.82,'2021-05-06','16:00:00',36,'NO2'),(2435,4.13,'2021-05-06','16:00:00',36,'SO2'),(2436,9.92,'2021-05-06','16:00:00',36,'PM10'),(2437,91.29,'2021-05-06','16:00:00',36,'O3'),(2438,0.2,'2021-05-06','15:00:00',36,'CO'),(2439,10.18,'2021-05-06','15:00:00',36,'NO2'),(2440,12.54,'2021-05-06','15:00:00',36,'PM10'),(2441,91.38,'2021-05-06','15:00:00',36,'O3'),(2442,4.21,'2021-05-06','15:00:00',36,'SO2'),(2443,0.22,'2021-05-06','14:00:00',36,'CO'),(2444,4.69,'2021-05-06','14:00:00',36,'SO2'),(2445,17,'2021-05-06','14:00:00',36,'PM10'),(2446,13.47,'2021-05-06','14:00:00',36,'NO2'),(2447,87.4,'2021-05-06','14:00:00',36,'O3'),(2448,0.27,'2021-05-06','13:00:00',36,'CO'),(2449,5.11,'2021-05-06','13:00:00',36,'SO2'),(2450,21.46,'2021-05-06','13:00:00',36,'PM10'),(2451,19.83,'2021-05-06','13:00:00',36,'NO2'),(2452,72.14,'2021-05-06','13:00:00',36,'O3'),(2453,61.98,'2021-05-06','12:00:00',36,'O3'),(2454,5.99,'2021-05-06','12:00:00',36,'SO2'),(2455,0.29,'2021-05-06','12:00:00',36,'CO'),(2456,14.56,'2021-05-06','12:00:00',36,'NO2'),(2457,20.91,'2021-05-06','12:00:00',36,'PM10'),(2458,21.48,'2021-05-06','11:00:00',36,'NO2'),(2459,24.08,'2021-05-06','11:00:00',36,'PM10'),(2460,6.19,'2021-05-06','11:00:00',36,'SO2'),(2461,0.24,'2021-05-06','11:00:00',36,'CO'),(2462,44.69,'2021-05-06','11:00:00',36,'O3'),(2463,0.24,'2021-05-06','10:00:00',36,'CO'),(2464,22.63,'2021-05-06','10:00:00',36,'NO2'),(2465,24.24,'2021-05-06','10:00:00',36,'PM10'),(2466,6.37,'2021-05-06','10:00:00',36,'SO2'),(2467,31.69,'2021-05-06','10:00:00',36,'O3'),(2468,29.22,'2021-05-06','09:00:00',36,'PM10'),(2469,14.77,'2021-05-06','09:00:00',36,'O3'),(2470,4.76,'2021-05-06','09:00:00',36,'SO2'),(2471,0.35,'2021-05-06','09:00:00',36,'CO'),(2472,29.88,'2021-05-06','09:00:00',36,'NO2'),(2473,0.35,'2021-05-06','08:00:00',36,'CO'),(2474,30,'2021-05-06','08:00:00',36,'NO2'),(2475,4.32,'2021-05-06','08:00:00',36,'SO2'),(2476,26.74,'2021-05-06','08:00:00',36,'PM10'),(2477,11.59,'2021-05-06','08:00:00',36,'O3'),(2478,0.19,'2021-05-06','07:00:00',36,'CO'),(2479,3.94,'2021-05-06','07:00:00',36,'SO2'),(2480,19.83,'2021-05-06','07:00:00',36,'PM10'),(2481,19.4,'2021-05-06','07:00:00',36,'O3'),(2482,15.36,'2021-05-06','07:00:00',36,'NO2'),(2483,24.85,'2021-05-06','06:00:00',36,'O3'),(2484,3.93,'2021-05-06','06:00:00',36,'SO2'),(2485,0.17,'2021-05-06','06:00:00',36,'CO'),(2486,11.33,'2021-05-06','06:00:00',36,'NO2'),(2487,16.91,'2021-05-06','06:00:00',36,'PM10'),(2488,9.1,'2021-05-06','05:00:00',36,'NO2'),(2489,27.96,'2021-05-06','05:00:00',36,'O3'),(2490,3.95,'2021-05-06','05:00:00',36,'SO2'),(2491,0.16,'2021-05-06','05:00:00',36,'CO'),(2492,16.35,'2021-05-06','05:00:00',36,'PM10'),(2493,3.86,'2021-05-06','04:00:00',36,'SO2'),(2494,15.94,'2021-05-06','04:00:00',36,'PM10'),(2495,30.84,'2021-05-06','04:00:00',36,'O3'),(2496,0.15,'2021-05-06','04:00:00',36,'CO'),(2497,8.59,'2021-05-06','04:00:00',36,'NO2'),(2498,3.97,'2021-05-06','03:00:00',36,'SO2'),(2499,0.13,'2021-05-06','03:00:00',36,'CO'),(2500,7.22,'2021-05-06','03:00:00',36,'NO2'),(2501,14.29,'2021-05-06','03:00:00',36,'PM10'),(2502,38.03,'2021-05-06','03:00:00',36,'O3'),(2503,3.85,'2021-05-06','02:00:00',36,'SO2'),(2504,0.13,'2021-05-06','02:00:00',36,'CO'),(2505,7.69,'2021-05-06','02:00:00',36,'NO2'),(2506,50.02,'2021-05-06','02:00:00',36,'O3'),(2507,12.24,'2021-05-06','02:00:00',36,'PM10'),(2508,4.04,'2021-05-06','01:00:00',36,'SO2'),(2509,0.13,'2021-05-06','01:00:00',36,'CO'),(2510,58.31,'2021-05-06','01:00:00',36,'O3'),(2511,6.85,'2021-05-06','01:00:00',36,'NO2'),(2512,13.27,'2021-05-06','01:00:00',36,'PM10'),(2513,45.76,'2021-05-06','00:00:00',36,'O3'),(2514,18.71,'2021-05-06','00:00:00',36,'PM10'),(2515,0.16,'2021-05-06','00:00:00',36,'CO'),(2516,3.98,'2021-05-06','00:00:00',36,'SO2'),(2517,15.06,'2021-05-06','00:00:00',36,'NO2'),(2518,51.16,'2021-05-05','23:00:00',36,'O3'),(2519,0.17,'2021-05-05','23:00:00',36,'CO'),(2520,22.33,'2021-05-05','23:00:00',36,'PM10'),(2521,13.94,'2021-05-05','23:00:00',36,'NO2'),(2522,3.86,'2021-05-05','23:00:00',36,'SO2'),(2523,14.47,'2021-05-05','22:00:00',36,'NO2'),(2524,4.04,'2021-05-05','22:00:00',36,'SO2'),(2525,0.19,'2021-05-05','22:00:00',36,'CO'),(2526,21.7,'2021-05-05','22:00:00',36,'PM10'),(2527,60.43,'2021-05-05','22:00:00',36,'O3'),(2528,0.19,'2021-05-05','21:00:00',36,'CO'),(2529,19.56,'2021-05-05','21:00:00',36,'PM10'),(2530,16.83,'2021-05-05','21:00:00',36,'NO2'),(2531,62.93,'2021-05-05','21:00:00',36,'O3'),(2532,4.25,'2021-05-05','21:00:00',36,'SO2'),(2533,0.17,'2021-05-05','20:00:00',36,'CO'),(2534,14,'2021-05-05','20:00:00',36,'NO2'),(2535,17.16,'2021-05-05','20:00:00',36,'PM10'),(2536,71.07,'2021-05-05','20:00:00',36,'O3'),(2537,4.03,'2021-05-05','20:00:00',36,'SO2'),(2538,15.84,'2021-05-05','19:00:00',36,'PM10'),(2539,12.07,'2021-05-05','19:00:00',36,'NO2'),(2540,72.84,'2021-05-05','19:00:00',36,'O3'),(2541,4.03,'2021-05-05','19:00:00',36,'SO2'),(2542,0.15,'2021-05-05','19:00:00',36,'CO'),(2543,3.95,'2021-05-05','18:00:00',36,'SO2'),(2544,73.67,'2021-05-05','18:00:00',36,'O3'),(2545,0.15,'2021-05-05','18:00:00',36,'CO'),(2546,11.04,'2021-05-05','18:00:00',36,'NO2'),(2547,13.01,'2021-05-05','18:00:00',36,'PM10'),(2548,73.26,'2021-05-05','17:00:00',36,'O3'),(2549,3.98,'2021-05-05','17:00:00',36,'SO2'),(2550,0.14,'2021-05-05','17:00:00',36,'CO'),(2551,11.29,'2021-05-05','17:00:00',36,'NO2'),(2552,10.32,'2021-05-05','17:00:00',36,'PM10'),(2553,8.9,'2021-05-05','16:00:00',36,'NO2'),(2554,12.05,'2021-05-05','16:00:00',36,'PM10'),(2555,3.96,'2021-05-05','16:00:00',36,'SO2'),(2556,0.14,'2021-05-05','16:00:00',36,'CO'),(2557,76.06,'2021-05-05','16:00:00',36,'O3'),(2558,0.16,'2021-05-05','15:00:00',36,'CO'),(2559,13.07,'2021-05-05','15:00:00',36,'PM10'),(2560,3.95,'2021-05-05','15:00:00',36,'SO2'),(2561,8.52,'2021-05-05','15:00:00',36,'NO2'),(2562,77.49,'2021-05-05','15:00:00',36,'O3'),(2563,0.16,'2021-05-05','14:00:00',36,'CO'),(2564,8.13,'2021-05-05','14:00:00',36,'NO2'),(2565,3.87,'2021-05-05','14:00:00',36,'SO2'),(2566,14.46,'2021-05-05','14:00:00',36,'PM10'),(2567,77.01,'2021-05-05','14:00:00',36,'O3'),(2568,0.15,'2021-05-05','13:00:00',36,'CO'),(2569,13.53,'2021-05-05','13:00:00',36,'PM10'),(2570,8.63,'2021-05-05','13:00:00',36,'NO2'),(2571,75.87,'2021-05-05','13:00:00',36,'O3'),(2572,4.02,'2021-05-05','13:00:00',36,'SO2'),(2573,0.13,'2021-05-05','12:00:00',36,'CO'),(2574,9.37,'2021-05-05','12:00:00',36,'NO2'),(2575,4.14,'2021-05-05','12:00:00',36,'SO2'),(2576,14.19,'2021-05-05','12:00:00',36,'PM10'),(2577,72.64,'2021-05-05','12:00:00',36,'O3'),(2578,68.11,'2021-05-05','11:00:00',36,'O3'),(2579,4.16,'2021-05-05','11:00:00',36,'SO2'),(2580,0.15,'2021-05-05','11:00:00',36,'CO'),(2581,11.96,'2021-05-05','11:00:00',36,'NO2'),(2582,21.26,'2021-05-05','11:00:00',36,'PM10'),(2583,18.6,'2021-05-05','10:00:00',36,'PM10'),(2584,4.1,'2021-05-05','10:00:00',36,'SO2'),(2585,65.34,'2021-05-05','10:00:00',36,'O3'),(2586,0.16,'2021-05-05','10:00:00',36,'CO'),(2587,11.22,'2021-05-05','10:00:00',36,'NO2'),(2588,19.03,'2021-05-05','09:00:00',36,'PM10'),(2589,60,'2021-05-05','09:00:00',36,'O3'),(2590,4.36,'2021-05-05','09:00:00',36,'SO2'),(2591,0.19,'2021-05-05','09:00:00',36,'CO'),(2592,12.22,'2021-05-05','09:00:00',36,'NO2'),(2593,58.78,'2021-05-05','08:00:00',36,'O3'),(2594,12.51,'2021-05-05','08:00:00',36,'NO2'),(2595,4.3,'2021-05-05','08:00:00',36,'SO2'),(2596,0.28,'2021-05-05','08:00:00',36,'CO'),(2597,19.5,'2021-05-05','08:00:00',36,'PM10'),(2598,10.28,'2021-05-05','07:00:00',36,'NO2'),(2599,0.14,'2021-05-05','07:00:00',36,'CO'),(2600,4.21,'2021-05-05','07:00:00',36,'SO2'),(2601,60.54,'2021-05-05','07:00:00',36,'O3'),(2602,18.77,'2021-05-05','07:00:00',36,'PM10'),(2603,8.8,'2021-05-05','06:00:00',36,'NO2'),(2604,15.93,'2021-05-05','06:00:00',36,'PM10'),(2605,63.3,'2021-05-05','06:00:00',36,'O3'),(2606,3.97,'2021-05-05','06:00:00',36,'SO2'),(2607,0.13,'2021-05-05','06:00:00',36,'CO'),(2608,14.48,'2021-05-05','05:00:00',36,'PM10'),(2609,4.02,'2021-05-05','05:00:00',36,'SO2'),(2610,0.12,'2021-05-05','05:00:00',36,'CO'),(2611,7.7,'2021-05-05','05:00:00',36,'NO2'),(2612,64.64,'2021-05-05','05:00:00',36,'O3'),(2613,66.32,'2021-05-05','04:00:00',36,'O3'),(2614,4.16,'2021-05-05','04:00:00',36,'SO2'),(2615,8.63,'2021-05-05','04:00:00',36,'NO2'),(2616,0.13,'2021-05-05','04:00:00',36,'CO'),(2617,13.85,'2021-05-05','04:00:00',36,'PM10'),(2618,0.14,'2021-05-05','03:00:00',36,'CO'),(2619,4.12,'2021-05-05','03:00:00',36,'SO2'),(2620,8.33,'2021-05-05','03:00:00',36,'NO2'),(2621,14.12,'2021-05-05','03:00:00',36,'PM10'),(2622,73,'2021-05-05','03:00:00',36,'O3'),(2623,81.85,'2021-05-05','02:00:00',36,'O3'),(2624,15.08,'2021-05-05','02:00:00',36,'PM10'),(2625,7.74,'2021-05-05','02:00:00',36,'NO2'),(2626,0.14,'2021-05-05','02:00:00',36,'CO'),(2627,4.13,'2021-05-05','02:00:00',36,'SO2'),(2628,0.14,'2021-05-05','01:00:00',36,'CO'),(2629,4.08,'2021-05-05','01:00:00',36,'SO2'),(2630,17.99,'2021-05-05','01:00:00',36,'PM10'),(2631,81.75,'2021-05-05','01:00:00',36,'O3'),(2632,8.58,'2021-05-05','01:00:00',36,'NO2'),(2633,4.25,'2021-05-05','00:00:00',36,'SO2'),(2634,0.13,'2021-05-05','00:00:00',36,'CO'),(2635,17.98,'2021-05-05','00:00:00',36,'PM10'),(2636,65.37,'2021-05-05','00:00:00',36,'O3'),(2637,11.11,'2021-05-05','00:00:00',36,'NO2'),(2638,54.24,'2021-05-04','23:00:00',36,'O3'),(2639,13.1,'2021-05-04','23:00:00',36,'NO2'),(2640,3.98,'2021-05-04','23:00:00',36,'SO2'),(2641,0.13,'2021-05-04','23:00:00',36,'CO'),(2642,16.39,'2021-05-04','23:00:00',36,'PM10'),(2643,52.61,'2021-05-04','22:00:00',36,'O3'),(2644,22.34,'2021-05-04','22:00:00',36,'NO2'),(2645,3.96,'2021-05-04','22:00:00',36,'SO2'),(2646,0.2,'2021-05-04','22:00:00',36,'CO'),(2647,24.67,'2021-05-04','22:00:00',36,'PM10'),(2648,76.41,'2021-05-04','21:00:00',36,'O3'),(2649,17.33,'2021-05-04','21:00:00',36,'NO2'),(2650,3.84,'2021-05-04','21:00:00',36,'SO2'),(2651,0.18,'2021-05-04','21:00:00',36,'CO'),(2652,22.24,'2021-05-04','21:00:00',36,'PM10'),(2653,17.03,'2021-05-04','20:00:00',36,'PM10'),(2654,97.64,'2021-05-04','20:00:00',36,'O3'),(2655,3.91,'2021-05-04','20:00:00',36,'SO2'),(2656,10.59,'2021-05-04','20:00:00',36,'NO2'),(2657,0.14,'2021-05-04','20:00:00',36,'CO'),(2658,14.26,'2021-05-04','19:00:00',36,'PM10'),(2659,3.92,'2021-05-04','19:00:00',36,'SO2'),(2660,0.13,'2021-05-04','19:00:00',36,'CO'),(2661,9.24,'2021-05-04','19:00:00',36,'NO2'),(2662,104.04,'2021-05-04','19:00:00',36,'O3'),(2663,10.31,'2021-05-04','18:00:00',36,'NO2'),(2664,10.84,'2021-05-04','18:00:00',36,'PM10'),(2665,3.91,'2021-05-04','18:00:00',36,'SO2'),(2666,105.01,'2021-05-04','18:00:00',36,'O3'),(2667,0.14,'2021-05-04','18:00:00',36,'CO'),(2668,12.93,'2021-05-04','17:00:00',36,'PM10'),(2669,4,'2021-05-04','17:00:00',36,'SO2'),(2670,0.15,'2021-05-04','17:00:00',36,'CO'),(2671,9.07,'2021-05-04','17:00:00',36,'NO2'),(2672,104.44,'2021-05-04','17:00:00',36,'O3'),(2673,105.48,'2021-05-04','16:00:00',36,'O3'),(2674,3.87,'2021-05-04','16:00:00',36,'SO2'),(2675,8.83,'2021-05-04','16:00:00',36,'NO2'),(2676,0.14,'2021-05-04','16:00:00',36,'CO'),(2677,7.42,'2021-05-04','16:00:00',36,'PM10'),(2678,102.92,'2021-05-04','15:00:00',36,'O3'),(2679,0.15,'2021-05-04','15:00:00',36,'CO'),(2680,3.97,'2021-05-04','15:00:00',36,'SO2'),(2681,8.87,'2021-05-04','15:00:00',36,'NO2'),(2682,8.68,'2021-05-04','15:00:00',36,'PM10'),(2683,0.18,'2021-05-04','14:00:00',36,'CO'),(2684,97.4,'2021-05-04','14:00:00',36,'O3'),(2685,10.22,'2021-05-04','14:00:00',36,'NO2'),(2686,3.97,'2021-05-04','14:00:00',36,'SO2'),(2687,11.61,'2021-05-04','14:00:00',36,'PM10'),(2688,4.13,'2021-05-04','13:00:00',36,'SO2'),(2689,9.88,'2021-05-04','13:00:00',36,'NO2'),(2690,0.17,'2021-05-04','13:00:00',36,'CO'),(2691,14.62,'2021-05-04','13:00:00',36,'PM10'),(2692,84.13,'2021-05-04','13:00:00',36,'O3'),(2693,0.16,'2021-05-04','12:00:00',36,'CO'),(2694,20.6,'2021-05-04','12:00:00',36,'PM10'),(2695,69.56,'2021-05-04','12:00:00',36,'O3'),(2696,10.39,'2021-05-04','12:00:00',36,'NO2'),(2697,4.1,'2021-05-04','12:00:00',36,'SO2'),(2698,4.31,'2021-05-04','11:00:00',36,'SO2'),(2699,13.7,'2021-05-04','11:00:00',36,'NO2'),(2700,23.82,'2021-05-04','11:00:00',36,'PM10'),(2701,60.06,'2021-05-04','11:00:00',36,'O3'),(2702,0.2,'2021-05-04','11:00:00',36,'CO'),(2703,0.25,'2021-05-04','10:00:00',36,'CO'),(2704,25.96,'2021-05-04','10:00:00',36,'PM10'),(2705,4.31,'2021-05-04','10:00:00',36,'SO2'),(2706,26.99,'2021-05-04','10:00:00',36,'NO2'),(2707,35.24,'2021-05-04','10:00:00',36,'O3'),(2708,0.25,'2021-05-04','09:00:00',36,'CO'),(2709,29.67,'2021-05-04','09:00:00',36,'NO2'),(2710,27.16,'2021-05-04','09:00:00',36,'PM10'),(2711,4.32,'2021-05-04','09:00:00',36,'SO2'),(2712,25.62,'2021-05-04','09:00:00',36,'O3'),(2713,0.28,'2021-05-04','08:00:00',36,'CO'),(2714,31.28,'2021-05-04','08:00:00',36,'NO2'),(2715,4.08,'2021-05-04','08:00:00',36,'SO2'),(2716,26.76,'2021-05-04','08:00:00',36,'PM10'),(2717,15.62,'2021-05-04','08:00:00',36,'O3'),(2718,3.88,'2021-05-04','07:00:00',36,'SO2'),(2719,0.2,'2021-05-04','07:00:00',36,'CO'),(2720,21.48,'2021-05-04','07:00:00',36,'NO2'),(2721,23.82,'2021-05-04','07:00:00',36,'PM10'),(2722,22.47,'2021-05-04','07:00:00',36,'O3'),(2723,21.35,'2021-05-04','06:00:00',36,'PM10'),(2724,15.58,'2021-05-04','06:00:00',36,'NO2'),(2725,38.78,'2021-05-04','06:00:00',36,'O3'),(2726,3.91,'2021-05-04','06:00:00',36,'SO2'),(2727,0.16,'2021-05-04','06:00:00',36,'CO'),(2728,45.85,'2021-05-04','05:00:00',36,'O3'),(2729,0.16,'2021-05-04','05:00:00',36,'CO'),(2730,3.68,'2021-05-04','05:00:00',36,'SO2'),(2731,13.78,'2021-05-04','05:00:00',36,'NO2'),(2732,20.95,'2021-05-04','05:00:00',36,'PM10'),(2733,10.57,'2021-05-04','04:00:00',36,'NO2'),(2734,0.15,'2021-05-04','04:00:00',36,'CO'),(2735,20.85,'2021-05-04','04:00:00',36,'PM10'),(2736,48.51,'2021-05-04','04:00:00',36,'O3'),(2737,3.81,'2021-05-04','04:00:00',36,'SO2'),(2738,0.16,'2021-05-04','03:00:00',36,'CO'),(2739,3.81,'2021-05-04','03:00:00',36,'SO2'),(2740,22.5,'2021-05-04','03:00:00',36,'PM10'),(2741,11.83,'2021-05-04','03:00:00',36,'NO2'),(2742,43.85,'2021-05-04','03:00:00',36,'O3'),(2743,0.17,'2021-05-04','02:00:00',36,'CO'),(2744,8.12,'2021-05-04','02:00:00',36,'NO2'),(2745,3.74,'2021-05-04','02:00:00',36,'SO2'),(2746,30.22,'2021-05-04','02:00:00',36,'O3'),(2747,21.48,'2021-05-04','02:00:00',36,'PM10'),(2748,8.43,'2021-05-04','01:00:00',36,'NO2'),(2749,22.88,'2021-05-04','01:00:00',36,'PM10'),(2750,35.17,'2021-05-04','01:00:00',36,'O3'),(2751,0.17,'2021-05-04','01:00:00',36,'CO'),(2752,3.87,'2021-05-04','01:00:00',36,'SO2'),(2753,9.97,'2021-05-04','00:00:00',36,'NO2'),(2754,36.55,'2021-05-04','00:00:00',36,'O3'),(2755,0.18,'2021-05-04','00:00:00',36,'CO'),(2756,23.7,'2021-05-04','00:00:00',36,'PM10'),(2757,3.81,'2021-05-04','00:00:00',36,'SO2'),(2758,0.23,'2021-05-03','23:00:00',36,'CO'),(2759,36.02,'2021-05-03','23:00:00',36,'O3'),(2760,3.79,'2021-05-03','23:00:00',36,'SO2'),(2761,17.26,'2021-05-03','23:00:00',36,'NO2'),(2762,27.13,'2021-05-03','23:00:00',36,'PM10'),(2763,26.79,'2021-05-03','22:00:00',36,'PM10'),(2764,0.2,'2021-05-03','22:00:00',36,'CO'),(2765,53.3,'2021-05-03','22:00:00',36,'O3'),(2766,16.27,'2021-05-03','22:00:00',36,'NO2'),(2767,3.93,'2021-05-03','22:00:00',36,'SO2'),(2768,0.18,'2021-05-03','21:00:00',36,'CO'),(2769,21.53,'2021-05-03','21:00:00',36,'PM10'),(2770,9.36,'2021-05-03','21:00:00',36,'NO2'),(2771,69.44,'2021-05-03','21:00:00',36,'O3'),(2772,3.95,'2021-05-03','21:00:00',36,'SO2'),(2773,0.19,'2021-05-03','20:00:00',36,'CO'),(2774,14.94,'2021-05-03','20:00:00',36,'NO2'),(2775,21.42,'2021-05-03','20:00:00',36,'PM10'),(2776,74.16,'2021-05-03','20:00:00',36,'O3'),(2777,4.08,'2021-05-03','20:00:00',36,'SO2'),(2778,4.17,'2021-05-03','19:00:00',36,'SO2'),(2779,0.22,'2021-05-03','19:00:00',36,'CO'),(2780,19.35,'2021-05-03','19:00:00',36,'PM10'),(2781,23.27,'2021-05-03','19:00:00',36,'NO2'),(2782,71.51,'2021-05-03','19:00:00',36,'O3'),(2783,19.16,'2021-05-03','18:00:00',36,'NO2'),(2784,76.94,'2021-05-03','18:00:00',36,'O3'),(2785,19.33,'2021-05-03','18:00:00',36,'PM10'),(2786,3.96,'2021-05-03','18:00:00',36,'SO2'),(2787,0.2,'2021-05-03','18:00:00',36,'CO'),(2788,4.08,'2021-05-03','17:00:00',36,'SO2'),(2789,0.2,'2021-05-03','17:00:00',36,'CO'),(2790,18.26,'2021-05-03','17:00:00',36,'PM10'),(2791,17.84,'2021-05-03','17:00:00',36,'NO2'),(2792,79.39,'2021-05-03','17:00:00',36,'O3'),(2793,4.15,'2021-05-03','16:00:00',36,'SO2'),(2794,0.19,'2021-05-03','16:00:00',36,'CO'),(2795,17.61,'2021-05-03','16:00:00',36,'PM10'),(2796,16.13,'2021-05-03','16:00:00',36,'NO2'),(2797,80.91,'2021-05-03','16:00:00',36,'O3'),(2798,3.95,'2021-05-03','15:00:00',36,'SO2'),(2799,0.18,'2021-05-03','15:00:00',36,'CO'),(2800,14.87,'2021-05-03','15:00:00',36,'PM10'),(2801,12.55,'2021-05-03','15:00:00',36,'NO2'),(2802,83.86,'2021-05-03','15:00:00',36,'O3'),(2803,12.61,'2021-05-03','14:00:00',36,'PM10'),(2804,3.91,'2021-05-03','14:00:00',36,'SO2'),(2805,0.17,'2021-05-03','14:00:00',36,'CO'),(2806,10.82,'2021-05-03','14:00:00',36,'NO2'),(2807,83.57,'2021-05-03','14:00:00',36,'O3'),(2808,0.21,'2021-05-03','13:00:00',36,'CO'),(2809,22.59,'2021-05-03','13:00:00',36,'PM10'),(2810,12.01,'2021-05-03','13:00:00',36,'NO2'),(2811,84.23,'2021-05-03','13:00:00',36,'O3'),(2812,4.32,'2021-05-03','13:00:00',36,'SO2'),(2813,14.85,'2021-05-03','12:00:00',36,'PM10'),(2814,0.18,'2021-05-03','12:00:00',36,'CO'),(2815,12.53,'2021-05-03','12:00:00',36,'NO2'),(2816,4.44,'2021-05-03','12:00:00',36,'SO2'),(2817,81.98,'2021-05-03','12:00:00',36,'O3'),(2818,16.81,'2021-05-03','11:00:00',36,'PM10'),(2819,0.18,'2021-05-03','11:00:00',36,'CO'),(2820,4.22,'2021-05-03','11:00:00',36,'SO2'),(2821,12.9,'2021-05-03','11:00:00',36,'NO2'),(2822,78.78,'2021-05-03','11:00:00',36,'O3'),(2823,21.25,'2021-05-03','10:00:00',36,'PM10'),(2824,4.76,'2021-05-03','10:00:00',36,'SO2'),(2825,59.88,'2021-05-03','10:00:00',36,'O3'),(2826,0.21,'2021-05-03','10:00:00',36,'CO'),(2827,16.89,'2021-05-03','10:00:00',36,'NO2'),(2828,26.5,'2021-05-03','09:00:00',36,'NO2'),(2829,37.21,'2021-05-03','09:00:00',36,'O3'),(2830,4.47,'2021-05-03','09:00:00',36,'SO2'),(2831,0.25,'2021-05-03','09:00:00',36,'CO'),(2832,24.04,'2021-05-03','09:00:00',36,'PM10'),(2833,22.41,'2021-05-03','08:00:00',36,'PM10'),(2834,3.98,'2021-05-03','08:00:00',36,'SO2'),(2835,36.47,'2021-05-03','08:00:00',36,'O3'),(2836,0.21,'2021-05-03','08:00:00',36,'CO'),(2837,21.8,'2021-05-03','08:00:00',36,'NO2'),(2838,41.29,'2021-05-03','07:00:00',36,'O3'),(2839,16.83,'2021-05-03','07:00:00',36,'NO2'),(2840,21.22,'2021-05-03','07:00:00',36,'PM10'),(2841,0.18,'2021-05-03','07:00:00',36,'CO'),(2842,3.89,'2021-05-03','07:00:00',36,'SO2'),(2843,3.9,'2021-05-03','06:00:00',36,'SO2'),(2844,18.91,'2021-05-03','06:00:00',36,'PM10'),(2845,11.8,'2021-05-03','06:00:00',36,'NO2'),(2846,0.16,'2021-05-03','06:00:00',36,'CO'),(2847,54.36,'2021-05-03','06:00:00',36,'O3'),(2848,17.21,'2021-05-03','05:00:00',36,'PM10'),(2849,58.85,'2021-05-03','05:00:00',36,'O3'),(2850,0.15,'2021-05-03','05:00:00',36,'CO'),(2851,3.84,'2021-05-03','05:00:00',36,'SO2'),(2852,11.16,'2021-05-03','05:00:00',36,'NO2'),(2853,0.15,'2021-05-03','04:00:00',36,'CO'),(2854,9.01,'2021-05-03','04:00:00',36,'NO2'),(2855,17.09,'2021-05-03','04:00:00',36,'PM10'),(2856,71.05,'2021-05-03','04:00:00',36,'O3'),(2857,3.87,'2021-05-03','04:00:00',36,'SO2'),(2858,0.14,'2021-05-03','03:00:00',36,'CO'),(2859,4.03,'2021-05-03','03:00:00',36,'SO2'),(2860,18.55,'2021-05-03','03:00:00',36,'PM10'),(2861,8.28,'2021-05-03','03:00:00',36,'NO2'),(2862,72.95,'2021-05-03','03:00:00',36,'O3'),(2863,3.96,'2021-05-03','02:00:00',36,'SO2'),(2864,9,'2021-05-03','02:00:00',36,'NO2'),(2865,0.14,'2021-05-03','02:00:00',36,'CO'),(2866,18.76,'2021-05-03','02:00:00',36,'PM10'),(2867,69.46,'2021-05-03','02:00:00',36,'O3'),(2868,10.01,'2021-05-03','01:00:00',36,'NO2'),(2869,66.92,'2021-05-03','01:00:00',36,'O3'),(2870,17.98,'2021-05-03','01:00:00',36,'PM10'),(2871,3.99,'2021-05-03','01:00:00',36,'SO2'),(2872,0.12,'2021-05-03','01:00:00',36,'CO'),(2873,9.82,'2021-05-03','00:00:00',36,'NO2'),(2874,16.18,'2021-05-03','00:00:00',36,'PM10'),(2875,3.88,'2021-05-03','00:00:00',36,'SO2'),(2876,71.41,'2021-05-03','00:00:00',36,'O3'),(2877,0.12,'2021-05-03','00:00:00',36,'CO'),(2878,89.1,'2021-05-09','00:00:00',32,'O3'),(2879,2.4,'2021-05-09','00:00:00',32,'SH2'),(2880,3.02,'2021-05-09','00:00:00',32,'SO2'),(2881,16.7,'2021-05-09','00:00:00',32,'PM10'),(2882,0.1,'2021-05-09','00:00:00',32,'CO'),(2883,5.83,'2021-05-09','00:00:00',32,'NO2'),(2884,0.11,'2021-05-08','23:00:00',32,'CO'),(2885,4.08,'2021-05-08','23:00:00',32,'SO2'),(2886,6.05,'2021-05-08','23:00:00',32,'NO2'),(2887,2.45,'2021-05-08','23:00:00',32,'SH2'),(2888,19.68,'2021-05-08','23:00:00',32,'PM10'),(2889,95.07,'2021-05-08','23:00:00',32,'O3'),(2890,2.5,'2021-05-08','22:00:00',32,'SH2'),(2891,0.11,'2021-05-08','22:00:00',32,'CO'),(2892,21.62,'2021-05-08','22:00:00',32,'PM10'),(2893,96.88,'2021-05-08','22:00:00',32,'O3'),(2894,6.12,'2021-05-08','22:00:00',32,'NO2'),(2895,3.5,'2021-05-08','22:00:00',32,'SO2'),(2896,3.68,'2021-05-08','21:00:00',32,'SO2'),(2897,90.68,'2021-05-08','21:00:00',32,'O3'),(2898,2.48,'2021-05-08','21:00:00',32,'SH2'),(2899,6.63,'2021-05-08','21:00:00',32,'NO2'),(2900,0.1,'2021-05-08','21:00:00',32,'CO'),(2901,20.53,'2021-05-08','21:00:00',32,'PM10'),(2902,6.53,'2021-05-08','20:00:00',32,'NO2'),(2903,89.3,'2021-05-08','20:00:00',32,'O3'),(2904,0.11,'2021-05-08','20:00:00',32,'CO'),(2905,2.58,'2021-05-08','20:00:00',32,'SO2'),(2906,15.42,'2021-05-08','20:00:00',32,'PM10'),(2907,2.33,'2021-05-08','20:00:00',32,'SH2'),(2908,6.85,'2021-05-08','19:00:00',32,'NO2'),(2909,91.95,'2021-05-08','19:00:00',32,'O3'),(2910,0.11,'2021-05-08','19:00:00',32,'CO'),(2911,3.4,'2021-05-08','19:00:00',32,'SO2'),(2912,15.35,'2021-05-08','19:00:00',32,'PM10'),(2913,2.65,'2021-05-08','19:00:00',32,'SH2'),(2914,95.08,'2021-05-08','18:00:00',32,'O3'),(2915,2.57,'2021-05-08','18:00:00',32,'SH2'),(2916,0.12,'2021-05-08','18:00:00',32,'CO'),(2917,3.37,'2021-05-08','18:00:00',32,'SO2'),(2918,6.67,'2021-05-08','18:00:00',32,'NO2'),(2919,16.8,'2021-05-08','18:00:00',32,'PM10'),(2920,3.2,'2021-05-08','17:00:00',32,'SO2'),(2921,19.15,'2021-05-08','17:00:00',32,'PM10'),(2922,0.11,'2021-05-08','17:00:00',32,'CO'),(2923,6.2,'2021-05-08','17:00:00',32,'NO2'),(2924,96.58,'2021-05-08','17:00:00',32,'O3'),(2925,2.88,'2021-05-08','17:00:00',32,'SH2'),(2926,5.98,'2021-05-08','16:00:00',32,'NO2'),(2927,2.78,'2021-05-08','16:00:00',32,'SH2'),(2928,3.55,'2021-05-08','16:00:00',32,'SO2'),(2929,96.05,'2021-05-08','16:00:00',32,'O3'),(2930,0.11,'2021-05-08','16:00:00',32,'CO'),(2931,18.05,'2021-05-08','16:00:00',32,'PM10'),(2932,16.3,'2021-05-08','15:00:00',32,'PM10'),(2933,92.45,'2021-05-08','15:00:00',32,'O3'),(2934,3.8,'2021-05-08','15:00:00',32,'SO2'),(2935,2.83,'2021-05-08','15:00:00',32,'SH2'),(2936,0.12,'2021-05-08','15:00:00',32,'CO'),(2937,6.18,'2021-05-08','15:00:00',32,'NO2'),(2938,0.12,'2021-05-08','14:00:00',32,'CO'),(2939,6.98,'2021-05-08','14:00:00',32,'NO2'),(2940,84.23,'2021-05-08','14:00:00',32,'O3'),(2941,16.83,'2021-05-08','14:00:00',32,'PM10'),(2942,2.85,'2021-05-08','14:00:00',32,'SH2'),(2943,4.4,'2021-05-08','14:00:00',32,'SO2'),(2944,2.75,'2021-05-08','13:00:00',32,'SH2'),(2945,16.45,'2021-05-08','13:00:00',32,'PM10'),(2946,0.13,'2021-05-08','13:00:00',32,'CO'),(2947,3.8,'2021-05-08','13:00:00',32,'SO2'),(2948,7.62,'2021-05-08','13:00:00',32,'NO2'),(2949,75.63,'2021-05-08','13:00:00',32,'O3'),(2950,4.48,'2021-05-08','12:00:00',32,'SO2'),(2951,15.23,'2021-05-08','12:00:00',32,'PM10'),(2952,68.98,'2021-05-08','12:00:00',32,'O3'),(2953,0.13,'2021-05-08','12:00:00',32,'CO'),(2954,7.65,'2021-05-08','12:00:00',32,'NO2'),(2955,2.6,'2021-05-08','12:00:00',32,'SH2'),(2956,0.13,'2021-05-08','11:00:00',32,'CO'),(2957,16.8,'2021-05-08','11:00:00',32,'PM10'),(2958,2.65,'2021-05-08','11:00:00',32,'SH2'),(2959,63.82,'2021-05-08','11:00:00',32,'O3'),(2960,5.05,'2021-05-08','11:00:00',32,'SO2'),(2961,7.93,'2021-05-08','11:00:00',32,'NO2'),(2962,4.73,'2021-05-08','10:00:00',32,'SO2'),(2963,8.4,'2021-05-08','10:00:00',32,'NO2'),(2964,60.95,'2021-05-08','10:00:00',32,'O3'),(2965,19.72,'2021-05-08','10:00:00',32,'PM10'),(2966,2.82,'2021-05-08','10:00:00',32,'SH2'),(2967,0.13,'2021-05-08','10:00:00',32,'CO'),(2968,52.9,'2021-05-08','09:00:00',32,'O3'),(2969,0.13,'2021-05-08','09:00:00',32,'CO'),(2970,7.93,'2021-05-08','09:00:00',32,'NO2'),(2971,4.27,'2021-05-08','09:00:00',32,'SO2'),(2972,20.8,'2021-05-08','09:00:00',32,'PM10'),(2973,2.88,'2021-05-08','09:00:00',32,'SH2'),(2974,20.4,'2021-05-08','08:00:00',32,'PM10'),(2975,8.58,'2021-05-08','08:00:00',32,'NO2'),(2976,2.88,'2021-05-08','08:00:00',32,'SH2'),(2977,4.22,'2021-05-08','08:00:00',32,'SO2'),(2978,0.13,'2021-05-08','08:00:00',32,'CO'),(2979,40,'2021-05-08','08:00:00',32,'O3'),(2980,0.12,'2021-05-08','07:00:00',32,'CO'),(2981,19.93,'2021-05-08','07:00:00',32,'PM10'),(2982,8.75,'2021-05-08','07:00:00',32,'NO2'),(2983,35.45,'2021-05-08','07:00:00',32,'O3'),(2984,3.55,'2021-05-08','07:00:00',32,'SO2'),(2985,2.97,'2021-05-08','07:00:00',32,'SH2'),(2986,8.72,'2021-05-08','06:00:00',32,'NO2'),(2987,19.78,'2021-05-08','06:00:00',32,'PM10'),(2988,38.4,'2021-05-08','06:00:00',32,'O3'),(2989,2.65,'2021-05-08','06:00:00',32,'SH2'),(2990,3.95,'2021-05-08','06:00:00',32,'SO2'),(2991,0.12,'2021-05-08','06:00:00',32,'CO'),(2992,3,'2021-05-08','05:00:00',32,'SH2'),(2993,0.12,'2021-05-08','05:00:00',32,'CO'),(2994,3.65,'2021-05-08','05:00:00',32,'SO2'),(2995,21.53,'2021-05-08','05:00:00',32,'PM10'),(2996,8.25,'2021-05-08','05:00:00',32,'NO2'),(2997,45.2,'2021-05-08','05:00:00',32,'O3'),(2998,3.52,'2021-05-08','04:00:00',32,'SO2'),(2999,0.12,'2021-05-08','04:00:00',32,'CO'),(3000,2.82,'2021-05-08','04:00:00',32,'SH2'),(3001,43.4,'2021-05-08','04:00:00',32,'O3'),(3002,21.87,'2021-05-08','04:00:00',32,'PM10'),(3003,7.85,'2021-05-08','04:00:00',32,'NO2'),(3004,3.43,'2021-05-08','03:00:00',32,'SO2'),(3005,0.11,'2021-05-08','03:00:00',32,'CO'),(3006,26.03,'2021-05-08','03:00:00',32,'PM10'),(3007,7.47,'2021-05-08','03:00:00',32,'NO2'),(3008,42.77,'2021-05-08','03:00:00',32,'O3'),(3009,2.77,'2021-05-08','03:00:00',32,'SH2'),(3010,0.14,'2021-05-08','02:00:00',32,'CO'),(3011,10.47,'2021-05-08','02:00:00',32,'NO2'),(3012,3.8,'2021-05-08','02:00:00',32,'SO2'),(3013,30.1,'2021-05-08','02:00:00',32,'PM10'),(3014,26.65,'2021-05-08','02:00:00',32,'O3'),(3015,3.25,'2021-05-08','02:00:00',32,'SH2'),(3016,30.38,'2021-05-08','01:00:00',32,'PM10'),(3017,3.35,'2021-05-08','01:00:00',32,'SO2'),(3018,0.14,'2021-05-08','01:00:00',32,'CO'),(3019,13.77,'2021-05-08','01:00:00',32,'NO2'),(3020,2.85,'2021-05-08','01:00:00',32,'SH2'),(3021,22.62,'2021-05-08','01:00:00',32,'O3'),(3022,26.17,'2021-05-08','00:00:00',32,'O3'),(3023,2.62,'2021-05-08','00:00:00',32,'SH2'),(3024,14.62,'2021-05-08','00:00:00',32,'NO2'),(3025,3.68,'2021-05-08','00:00:00',32,'SO2'),(3026,0.13,'2021-05-08','00:00:00',32,'CO'),(3027,30.48,'2021-05-08','00:00:00',32,'PM10'),(3028,27.4,'2021-05-07','23:00:00',32,'PM10'),(3029,20.78,'2021-05-07','23:00:00',32,'O3'),(3030,0.23,'2021-05-07','23:00:00',32,'CO'),(3031,3.93,'2021-05-07','23:00:00',32,'SO2'),(3032,21.42,'2021-05-07','23:00:00',32,'NO2'),(3033,2.85,'2021-05-07','23:00:00',32,'SH2'),(3034,4.3,'2021-05-07','22:00:00',32,'SO2'),(3035,2.55,'2021-05-07','22:00:00',32,'SH2'),(3036,22.8,'2021-05-07','22:00:00',32,'NO2'),(3037,0.21,'2021-05-07','22:00:00',32,'CO'),(3038,23.15,'2021-05-07','22:00:00',32,'PM10'),(3039,26.38,'2021-05-07','22:00:00',32,'O3'),(3040,0.13,'2021-05-07','21:00:00',32,'CO'),(3041,2.8,'2021-05-07','21:00:00',32,'SH2'),(3042,3,'2021-05-07','21:00:00',32,'SO2'),(3043,15.08,'2021-05-07','21:00:00',32,'NO2'),(3044,19.25,'2021-05-07','21:00:00',32,'PM10'),(3045,53.88,'2021-05-07','21:00:00',32,'O3'),(3046,0.18,'2021-05-07','20:00:00',32,'CO'),(3047,15.33,'2021-05-07','20:00:00',32,'PM10'),(3048,4.6,'2021-05-07','20:00:00',32,'SO2'),(3049,10.9,'2021-05-07','20:00:00',32,'NO2'),(3050,77.88,'2021-05-07','20:00:00',32,'O3'),(3051,2.93,'2021-05-07','20:00:00',32,'SH2'),(3052,0.11,'2021-05-07','19:00:00',32,'CO'),(3053,15.27,'2021-05-07','19:00:00',32,'PM10'),(3054,3.62,'2021-05-07','19:00:00',32,'SO2'),(3055,8.25,'2021-05-07','19:00:00',32,'NO2'),(3056,82.73,'2021-05-07','19:00:00',32,'O3'),(3057,2.8,'2021-05-07','19:00:00',32,'SH2'),(3058,0.11,'2021-05-07','18:00:00',32,'CO'),(3059,2.82,'2021-05-07','18:00:00',32,'SH2'),(3060,4.17,'2021-05-07','18:00:00',32,'SO2'),(3061,9.57,'2021-05-07','18:00:00',32,'NO2'),(3062,17.15,'2021-05-07','18:00:00',32,'PM10'),(3063,82.27,'2021-05-07','18:00:00',32,'O3'),(3064,85.57,'2021-05-07','17:00:00',32,'O3'),(3065,4.28,'2021-05-07','17:00:00',32,'SO2'),(3066,0.12,'2021-05-07','17:00:00',32,'CO'),(3067,16.82,'2021-05-07','17:00:00',32,'PM10'),(3068,7.25,'2021-05-07','17:00:00',32,'NO2'),(3069,2.63,'2021-05-07','17:00:00',32,'SH2'),(3070,7.3,'2021-05-07','16:00:00',32,'NO2'),(3071,19.88,'2021-05-07','16:00:00',32,'PM10'),(3072,2.88,'2021-05-07','16:00:00',32,'SH2'),(3073,85.43,'2021-05-07','16:00:00',32,'O3'),(3074,4.1,'2021-05-07','16:00:00',32,'SO2'),(3075,0.12,'2021-05-07','16:00:00',32,'CO'),(3076,29.45,'2021-05-07','15:00:00',32,'PM10'),(3077,79.15,'2021-05-07','15:00:00',32,'O3'),(3078,3.75,'2021-05-07','15:00:00',32,'SO2'),(3079,2.6,'2021-05-07','15:00:00',32,'SH2'),(3080,0.11,'2021-05-07','15:00:00',32,'CO'),(3081,7.05,'2021-05-07','15:00:00',32,'NO2'),(3082,0.12,'2021-05-07','14:00:00',32,'CO'),(3083,35.3,'2021-05-07','14:00:00',32,'PM10'),(3084,74.15,'2021-05-07','14:00:00',32,'O3'),(3085,2.4,'2021-05-07','14:00:00',32,'SH2'),(3086,4.68,'2021-05-07','14:00:00',32,'SO2'),(3087,7.85,'2021-05-07','14:00:00',32,'NO2'),(3088,2.97,'2021-05-07','13:00:00',32,'SH2'),(3089,18.1,'2021-05-07','13:00:00',32,'PM10'),(3090,0.12,'2021-05-07','13:00:00',32,'CO'),(3091,4.4,'2021-05-07','13:00:00',32,'SO2'),(3092,8.3,'2021-05-07','13:00:00',32,'NO2'),(3093,70.33,'2021-05-07','13:00:00',32,'O3'),(3094,66.07,'2021-05-07','12:00:00',32,'O3'),(3095,5.08,'2021-05-07','12:00:00',32,'SO2'),(3096,9.22,'2021-05-07','12:00:00',32,'NO2'),(3097,0.12,'2021-05-07','12:00:00',32,'CO'),(3098,15.55,'2021-05-07','12:00:00',32,'PM10'),(3099,2.68,'2021-05-07','12:00:00',32,'SH2'),(3100,16.47,'2021-05-07','11:00:00',32,'PM10'),(3101,2.6,'2021-05-07','11:00:00',32,'SH2'),(3102,0.13,'2021-05-07','11:00:00',32,'CO'),(3103,9.65,'2021-05-07','11:00:00',32,'NO2'),(3104,57.93,'2021-05-07','11:00:00',32,'O3'),(3105,4.95,'2021-05-07','11:00:00',32,'SO2'),(3106,9.85,'2021-05-07','10:00:00',32,'NO2'),(3107,45.37,'2021-05-07','10:00:00',32,'O3'),(3108,6.1,'2021-05-07','10:00:00',32,'SO2'),(3109,0.14,'2021-05-07','10:00:00',32,'CO'),(3110,2.65,'2021-05-07','10:00:00',32,'SH2'),(3111,15.73,'2021-05-07','10:00:00',32,'PM10'),(3112,2.28,'2021-05-07','09:00:00',32,'SH2'),(3113,11.1,'2021-05-07','09:00:00',32,'NO2'),(3114,8.23,'2021-05-07','09:00:00',32,'SO2'),(3115,0.15,'2021-05-07','09:00:00',32,'CO'),(3116,13.42,'2021-05-07','09:00:00',32,'PM10'),(3117,34.98,'2021-05-07','09:00:00',32,'O3'),(3118,0.15,'2021-05-07','08:00:00',32,'CO'),(3119,12.7,'2021-05-07','08:00:00',32,'PM10'),(3120,31.1,'2021-05-07','08:00:00',32,'O3'),(3121,2.35,'2021-05-07','08:00:00',32,'SH2'),(3122,6.75,'2021-05-07','08:00:00',32,'SO2'),(3123,11.67,'2021-05-07','08:00:00',32,'NO2'),(3124,11.87,'2021-05-07','07:00:00',32,'PM10'),(3125,27.43,'2021-05-07','07:00:00',32,'O3'),(3126,4,'2021-05-07','07:00:00',32,'SO2'),(3127,2.38,'2021-05-07','07:00:00',32,'SH2'),(3128,0.15,'2021-05-07','07:00:00',32,'CO'),(3129,12.85,'2021-05-07','07:00:00',32,'NO2'),(3130,9.55,'2021-05-07','06:00:00',32,'NO2'),(3131,3.4,'2021-05-07','06:00:00',32,'SO2'),(3132,0.13,'2021-05-07','06:00:00',32,'CO'),(3133,36.43,'2021-05-07','06:00:00',32,'O3'),(3134,11.85,'2021-05-07','06:00:00',32,'PM10'),(3135,2.5,'2021-05-07','06:00:00',32,'SH2'),(3136,12.97,'2021-05-07','05:00:00',32,'PM10'),(3137,37.2,'2021-05-07','05:00:00',32,'O3'),(3138,2.6,'2021-05-07','05:00:00',32,'SH2'),(3139,3.22,'2021-05-07','05:00:00',32,'SO2'),(3140,8.48,'2021-05-07','05:00:00',32,'NO2'),(3141,0.12,'2021-05-07','05:00:00',32,'CO'),(3142,2.5,'2021-05-07','04:00:00',32,'SH2'),(3143,3.6,'2021-05-07','04:00:00',32,'SO2'),(3144,8.5,'2021-05-07','04:00:00',32,'NO2'),(3145,0.12,'2021-05-07','04:00:00',32,'CO'),(3146,15.35,'2021-05-07','04:00:00',32,'PM10'),(3147,36.2,'2021-05-07','04:00:00',32,'O3'),(3148,39.67,'2021-05-07','03:00:00',32,'O3'),(3149,19.77,'2021-05-07','03:00:00',32,'PM10'),(3150,2.57,'2021-05-07','03:00:00',32,'SH2'),(3151,0.12,'2021-05-07','03:00:00',32,'CO'),(3152,8.08,'2021-05-07','03:00:00',32,'NO2'),(3153,4.6,'2021-05-07','03:00:00',32,'SO2'),(3154,4.88,'2021-05-07','02:00:00',32,'SO2'),(3155,0.13,'2021-05-07','02:00:00',32,'CO'),(3156,8.65,'2021-05-07','02:00:00',32,'NO2'),(3157,23.78,'2021-05-07','02:00:00',32,'PM10'),(3158,2.5,'2021-05-07','02:00:00',32,'SH2'),(3159,43.82,'2021-05-07','02:00:00',32,'O3'),(3160,26.9,'2021-05-07','01:00:00',32,'PM10'),(3161,2.48,'2021-05-07','01:00:00',32,'SH2'),(3162,44.12,'2021-05-07','01:00:00',32,'O3'),(3163,9.67,'2021-05-07','01:00:00',32,'NO2'),(3164,4.85,'2021-05-07','01:00:00',32,'SO2'),(3165,0.13,'2021-05-07','01:00:00',32,'CO'),(3166,2.55,'2021-05-07','00:00:00',32,'SH2'),(3167,37.2,'2021-05-07','00:00:00',32,'O3'),(3168,32.82,'2021-05-07','00:00:00',32,'PM10'),(3169,0.15,'2021-05-07','00:00:00',32,'CO'),(3170,14.6,'2021-05-07','00:00:00',32,'NO2'),(3171,4.07,'2021-05-07','00:00:00',32,'SO2'),(3172,0.28,'2021-05-06','23:00:00',32,'CO'),(3173,4.02,'2021-05-06','23:00:00',32,'SO2'),(3174,25.7,'2021-05-06','23:00:00',32,'NO2'),(3175,2.68,'2021-05-06','23:00:00',32,'SH2'),(3176,31.22,'2021-05-06','23:00:00',32,'PM10'),(3177,16.35,'2021-05-06','23:00:00',32,'O3'),(3178,6.62,'2021-05-06','22:00:00',32,'SO2'),(3179,21.25,'2021-05-06','22:00:00',32,'PM10'),(3180,2.62,'2021-05-06','22:00:00',32,'SH2'),(3181,47.88,'2021-05-06','22:00:00',32,'O3'),(3182,0.15,'2021-05-06','22:00:00',32,'CO'),(3183,16.18,'2021-05-06','22:00:00',32,'NO2'),(3184,12.85,'2021-05-06','21:00:00',32,'PM10'),(3185,59.08,'2021-05-06','21:00:00',32,'O3'),(3186,3.48,'2021-05-06','21:00:00',32,'SO2'),(3187,0.21,'2021-05-06','21:00:00',32,'CO'),(3188,13.75,'2021-05-06','21:00:00',32,'NO2'),(3189,2.8,'2021-05-06','21:00:00',32,'SH2'),(3190,10.9,'2021-05-06','20:00:00',32,'PM10'),(3191,68,'2021-05-06','20:00:00',32,'O3'),(3192,3.8,'2021-05-06','20:00:00',32,'SO2'),(3193,0.19,'2021-05-06','20:00:00',32,'CO'),(3194,13.03,'2021-05-06','20:00:00',32,'NO2'),(3195,2.77,'2021-05-06','20:00:00',32,'SH2'),(3196,9.55,'2021-05-06','19:00:00',32,'PM10'),(3197,2.5,'2021-05-06','19:00:00',32,'SH2'),(3198,6.23,'2021-05-06','19:00:00',32,'SO2'),(3199,8.58,'2021-05-06','19:00:00',32,'NO2'),(3200,0.11,'2021-05-06','19:00:00',32,'CO'),(3201,86.7,'2021-05-06','19:00:00',32,'O3'),(3202,0.11,'2021-05-06','18:00:00',32,'CO'),(3203,9.42,'2021-05-06','18:00:00',32,'PM10'),(3204,4.5,'2021-05-06','18:00:00',32,'SO2'),(3205,7.67,'2021-05-06','18:00:00',32,'NO2'),(3206,90.02,'2021-05-06','18:00:00',32,'O3'),(3207,2.85,'2021-05-06','18:00:00',32,'SH2'),(3208,88.3,'2021-05-06','17:00:00',32,'O3'),(3209,11.7,'2021-05-06','17:00:00',32,'PM10'),(3210,2.57,'2021-05-06','17:00:00',32,'SH2'),(3211,4.58,'2021-05-06','17:00:00',32,'SO2'),(3212,0.11,'2021-05-06','17:00:00',32,'CO'),(3213,8.55,'2021-05-06','17:00:00',32,'NO2'),(3214,2.7,'2021-05-06','16:00:00',32,'SH2'),(3215,7.03,'2021-05-06','16:00:00',32,'NO2'),(3216,4.7,'2021-05-06','16:00:00',32,'SO2'),(3217,0.11,'2021-05-06','16:00:00',32,'CO'),(3218,14.42,'2021-05-06','16:00:00',32,'PM10'),(3219,90.97,'2021-05-06','16:00:00',32,'O3'),(3220,0.11,'2021-05-06','15:00:00',32,'CO'),(3221,17.4,'2021-05-06','15:00:00',32,'PM10'),(3222,90.02,'2021-05-06','15:00:00',32,'O3'),(3223,3.82,'2021-05-06','15:00:00',32,'SO2'),(3224,6.98,'2021-05-06','15:00:00',32,'NO2'),(3225,2.38,'2021-05-06','15:00:00',32,'SH2'),(3226,0.11,'2021-05-06','14:00:00',32,'CO'),(3227,2.57,'2021-05-06','14:00:00',32,'SH2'),(3228,7.12,'2021-05-06','14:00:00',32,'NO2'),(3229,5.07,'2021-05-06','14:00:00',32,'SO2'),(3230,21.38,'2021-05-06','14:00:00',32,'PM10'),(3231,87.85,'2021-05-06','14:00:00',32,'O3'),(3232,76.12,'2021-05-06','13:00:00',32,'O3'),(3233,0.13,'2021-05-06','13:00:00',32,'CO'),(3234,9.8,'2021-05-06','13:00:00',32,'NO2'),(3235,2.77,'2021-05-06','13:00:00',32,'SH2'),(3236,24.82,'2021-05-06','13:00:00',32,'PM10'),(3237,5.27,'2021-05-06','13:00:00',32,'SO2'),(3238,5.7,'2021-05-06','12:00:00',32,'SO2'),(3239,0.12,'2021-05-06','12:00:00',32,'CO'),(3240,10.65,'2021-05-06','12:00:00',32,'NO2'),(3241,31.72,'2021-05-06','12:00:00',32,'PM10'),(3242,64,'2021-05-06','12:00:00',32,'O3'),(3243,2.97,'2021-05-06','12:00:00',32,'SH2'),(3244,14.08,'2021-05-06','11:00:00',32,'NO2'),(3245,46.65,'2021-05-06','11:00:00',32,'O3'),(3246,8.23,'2021-05-06','11:00:00',32,'SO2'),(3247,0.15,'2021-05-06','11:00:00',32,'CO'),(3248,38.95,'2021-05-06','11:00:00',32,'PM10'),(3249,2.98,'2021-05-06','11:00:00',32,'SH2'),(3250,0.15,'2021-05-06','10:00:00',32,'CO'),(3251,38.78,'2021-05-06','10:00:00',32,'PM10'),(3252,12.98,'2021-05-06','10:00:00',32,'SO2'),(3253,34.48,'2021-05-06','10:00:00',32,'O3'),(3254,14.08,'2021-05-06','10:00:00',32,'NO2'),(3255,3.32,'2021-05-06','10:00:00',32,'SH2'),(3256,23.08,'2021-05-06','09:00:00',32,'O3'),(3257,0.23,'2021-05-06','09:00:00',32,'CO'),(3258,3.32,'2021-05-06','09:00:00',32,'SH2'),(3259,4.05,'2021-05-06','09:00:00',32,'SO2'),(3260,12.92,'2021-05-06','09:00:00',32,'NO2'),(3261,36.32,'2021-05-06','09:00:00',32,'PM10'),(3262,3.85,'2021-05-06','08:00:00',32,'SO2'),(3263,30.85,'2021-05-06','08:00:00',32,'PM10'),(3264,15.25,'2021-05-06','08:00:00',32,'NO2'),(3265,9.42,'2021-05-06','08:00:00',32,'O3'),(3266,3.15,'2021-05-06','08:00:00',32,'SH2'),(3267,0.3,'2021-05-06','08:00:00',32,'CO'),(3268,3.65,'2021-05-06','07:00:00',32,'SO2'),(3269,0.33,'2021-05-06','07:00:00',32,'CO'),(3270,17.38,'2021-05-06','07:00:00',32,'NO2'),(3271,22.78,'2021-05-06','07:00:00',32,'PM10'),(3272,3.38,'2021-05-06','07:00:00',32,'O3'),(3273,3.15,'2021-05-06','07:00:00',32,'SH2'),(3274,3.05,'2021-05-06','06:00:00',32,'O3'),(3275,3.6,'2021-05-06','06:00:00',32,'SO2'),(3276,2.82,'2021-05-06','06:00:00',32,'SH2'),(3277,0.26,'2021-05-06','06:00:00',32,'CO'),(3278,16.7,'2021-05-06','06:00:00',32,'NO2'),(3279,16.12,'2021-05-06','06:00:00',32,'PM10'),(3280,0.14,'2021-05-06','05:00:00',32,'CO'),(3281,3.45,'2021-05-06','05:00:00',32,'SO2'),(3282,16.98,'2021-05-06','05:00:00',32,'NO2'),(3283,12.25,'2021-05-06','05:00:00',32,'PM10'),(3284,7.68,'2021-05-06','05:00:00',32,'O3'),(3285,2.62,'2021-05-06','05:00:00',32,'SH2'),(3286,0.11,'2021-05-06','04:00:00',32,'CO'),(3287,3.02,'2021-05-06','04:00:00',32,'SO2'),(3288,9.5,'2021-05-06','04:00:00',32,'NO2'),(3289,9.3,'2021-05-06','04:00:00',32,'PM10'),(3290,2.93,'2021-05-06','04:00:00',32,'SH2'),(3291,36.55,'2021-05-06','04:00:00',32,'O3'),(3292,3.85,'2021-05-06','03:00:00',32,'SO2'),(3293,0.11,'2021-05-06','03:00:00',32,'CO'),(3294,8.8,'2021-05-06','03:00:00',32,'NO2'),(3295,7.38,'2021-05-06','03:00:00',32,'PM10'),(3296,2.78,'2021-05-06','03:00:00',32,'SH2'),(3297,36.85,'2021-05-06','03:00:00',32,'O3'),(3298,8.25,'2021-05-06','02:00:00',32,'NO2'),(3299,0.12,'2021-05-06','02:00:00',32,'CO'),(3300,7,'2021-05-06','02:00:00',32,'PM10'),(3301,3.65,'2021-05-06','02:00:00',32,'SO2'),(3302,40.47,'2021-05-06','02:00:00',32,'O3'),(3303,2.73,'2021-05-06','02:00:00',32,'SH2'),(3304,36.62,'2021-05-06','01:00:00',32,'O3'),(3305,2.65,'2021-05-06','01:00:00',32,'SH2'),(3306,9.48,'2021-05-06','01:00:00',32,'NO2'),(3307,3.72,'2021-05-06','01:00:00',32,'SO2'),(3308,0.13,'2021-05-06','01:00:00',32,'CO'),(3309,6.15,'2021-05-06','01:00:00',32,'PM10'),(3310,3.48,'2021-05-06','00:00:00',32,'SO2'),(3311,0.13,'2021-05-06','00:00:00',32,'CO'),(3312,9.6,'2021-05-06','00:00:00',32,'NO2'),(3313,7.43,'2021-05-06','00:00:00',32,'PM10'),(3314,43.48,'2021-05-06','00:00:00',32,'O3'),(3315,2.5,'2021-05-06','00:00:00',32,'SH2'),(3316,50.77,'2021-05-05','23:00:00',32,'O3'),(3317,8.3,'2021-05-05','23:00:00',32,'PM10'),(3318,2.63,'2021-05-05','23:00:00',32,'SH2'),(3319,3.63,'2021-05-05','23:00:00',32,'SO2'),(3320,10.72,'2021-05-05','23:00:00',32,'NO2'),(3321,0.13,'2021-05-05','23:00:00',32,'CO'),(3322,60.85,'2021-05-05','22:00:00',32,'O3'),(3323,0.12,'2021-05-05','22:00:00',32,'CO'),(3324,2.7,'2021-05-05','22:00:00',32,'SH2'),(3325,3.9,'2021-05-05','22:00:00',32,'SO2'),(3326,10.12,'2021-05-05','22:00:00',32,'NO2'),(3327,9.2,'2021-05-05','22:00:00',32,'PM10'),(3328,3.98,'2021-05-05','21:00:00',32,'SO2'),(3329,64.7,'2021-05-05','21:00:00',32,'O3'),(3330,0.13,'2021-05-05','21:00:00',32,'CO'),(3331,9.75,'2021-05-05','21:00:00',32,'NO2'),(3332,8.45,'2021-05-05','21:00:00',32,'PM10'),(3333,2.62,'2021-05-05','21:00:00',32,'SH2'),(3334,2.55,'2021-05-05','20:00:00',32,'SH2'),(3335,3.42,'2021-05-05','20:00:00',32,'SO2'),(3336,0.12,'2021-05-05','20:00:00',32,'CO'),(3337,8,'2021-05-05','20:00:00',32,'PM10'),(3338,8.2,'2021-05-05','20:00:00',32,'NO2'),(3339,73.5,'2021-05-05','20:00:00',32,'O3'),(3340,6.67,'2021-05-05','19:00:00',32,'PM10'),(3341,2.57,'2021-05-05','19:00:00',32,'SH2'),(3342,4.38,'2021-05-05','19:00:00',32,'SO2'),(3343,9.4,'2021-05-05','19:00:00',32,'NO2'),(3344,0.12,'2021-05-05','19:00:00',32,'CO'),(3345,70.1,'2021-05-05','19:00:00',32,'O3'),(3346,0.13,'2021-05-05','18:00:00',32,'CO'),(3347,10.48,'2021-05-05','18:00:00',32,'NO2'),(3348,5.58,'2021-05-05','18:00:00',32,'SO2'),(3349,5.08,'2021-05-05','18:00:00',32,'PM10'),(3350,69.18,'2021-05-05','18:00:00',32,'O3'),(3351,2.82,'2021-05-05','18:00:00',32,'SH2'),(3352,4.82,'2021-05-05','17:00:00',32,'SO2'),(3353,4.07,'2021-05-05','17:00:00',32,'PM10'),(3354,0.11,'2021-05-05','17:00:00',32,'CO'),(3355,7.25,'2021-05-05','17:00:00',32,'NO2'),(3356,73.55,'2021-05-05','17:00:00',32,'O3'),(3357,2.38,'2021-05-05','17:00:00',32,'SH2'),(3358,6.7,'2021-05-05','16:00:00',32,'PM10'),(3359,64.6,'2021-05-05','16:00:00',32,'O3'),(3360,2.85,'2021-05-05','16:00:00',32,'SH2'),(3361,4.43,'2021-05-05','16:00:00',32,'SO2'),(3362,0.13,'2021-05-05','16:00:00',32,'CO'),(3363,15.13,'2021-05-05','16:00:00',32,'NO2'),(3364,8.97,'2021-05-05','15:00:00',32,'PM10'),(3365,64.5,'2021-05-05','15:00:00',32,'O3'),(3366,3.05,'2021-05-05','15:00:00',32,'SH2'),(3367,4.6,'2021-05-05','15:00:00',32,'SO2'),(3368,0.14,'2021-05-05','15:00:00',32,'CO'),(3369,13.1,'2021-05-05','15:00:00',32,'NO2'),(3370,4.5,'2021-05-05','14:00:00',32,'SO2'),(3371,8.18,'2021-05-05','14:00:00',32,'NO2'),(3372,0.13,'2021-05-05','14:00:00',32,'CO'),(3373,72.25,'2021-05-05','14:00:00',32,'O3'),(3374,9.83,'2021-05-05','14:00:00',32,'PM10'),(3375,2.45,'2021-05-05','14:00:00',32,'SH2'),(3376,7.18,'2021-05-05','13:00:00',32,'NO2'),(3377,3.87,'2021-05-05','13:00:00',32,'SO2'),(3378,10.62,'2021-05-05','13:00:00',32,'PM10'),(3379,0.12,'2021-05-05','13:00:00',32,'CO'),(3380,73.1,'2021-05-05','13:00:00',32,'O3'),(3381,2.62,'2021-05-05','13:00:00',32,'SH2'),(3382,7.85,'2021-05-05','12:00:00',32,'NO2'),(3383,4.27,'2021-05-05','12:00:00',32,'SO2'),(3384,0.13,'2021-05-05','12:00:00',32,'CO'),(3385,69.9,'2021-05-05','12:00:00',32,'O3'),(3386,11.13,'2021-05-05','12:00:00',32,'PM10'),(3387,2.27,'2021-05-05','12:00:00',32,'SH2'),(3388,5.37,'2021-05-05','11:00:00',32,'SO2'),(3389,7.42,'2021-05-05','11:00:00',32,'NO2'),(3390,68.32,'2021-05-05','11:00:00',32,'O3'),(3391,12.05,'2021-05-05','11:00:00',32,'PM10'),(3392,2.3,'2021-05-05','11:00:00',32,'SH2'),(3393,0.13,'2021-05-05','11:00:00',32,'CO'),(3394,4.75,'2021-05-05','10:00:00',32,'SO2'),(3395,12.5,'2021-05-05','10:00:00',32,'PM10'),(3396,62.53,'2021-05-05','10:00:00',32,'O3'),(3397,0.13,'2021-05-05','10:00:00',32,'CO'),(3398,7.8,'2021-05-05','10:00:00',32,'NO2'),(3399,1.98,'2021-05-05','10:00:00',32,'SH2'),(3400,48.32,'2021-05-05','09:00:00',32,'O3'),(3401,0.15,'2021-05-05','09:00:00',32,'CO'),(3402,2.45,'2021-05-05','09:00:00',32,'SH2'),(3403,5.65,'2021-05-05','09:00:00',32,'SO2'),(3404,10.95,'2021-05-05','09:00:00',32,'NO2'),(3405,11.58,'2021-05-05','09:00:00',32,'PM10'),(3406,3.62,'2021-05-05','08:00:00',32,'SO2'),(3407,38.98,'2021-05-05','08:00:00',32,'O3'),(3408,0.14,'2021-05-05','08:00:00',32,'CO'),(3409,13.27,'2021-05-05','08:00:00',32,'NO2'),(3410,10.53,'2021-05-05','08:00:00',32,'PM10'),(3411,2.17,'2021-05-05','08:00:00',32,'SH2'),(3412,9.6,'2021-05-05','07:00:00',32,'PM10'),(3413,12.73,'2021-05-05','07:00:00',32,'NO2'),(3414,2.3,'2021-05-05','07:00:00',32,'SH2'),(3415,2.92,'2021-05-05','07:00:00',32,'SO2'),(3416,0.13,'2021-05-05','07:00:00',32,'CO'),(3417,42.45,'2021-05-05','07:00:00',32,'O3'),(3418,10.2,'2021-05-05','06:00:00',32,'PM10'),(3419,9.98,'2021-05-05','06:00:00',32,'NO2'),(3420,2.13,'2021-05-05','06:00:00',32,'SH2'),(3421,3.55,'2021-05-05','06:00:00',32,'SO2'),(3422,0.12,'2021-05-05','06:00:00',32,'CO'),(3423,50.05,'2021-05-05','06:00:00',32,'O3'),(3424,9.92,'2021-05-05','05:00:00',32,'NO2'),(3425,10.92,'2021-05-05','05:00:00',32,'PM10'),(3426,1.95,'2021-05-05','05:00:00',32,'SH2'),(3427,3.3,'2021-05-05','05:00:00',32,'SO2'),(3428,0.12,'2021-05-05','05:00:00',32,'CO'),(3429,51.25,'2021-05-05','05:00:00',32,'O3'),(3430,0.12,'2021-05-05','04:00:00',32,'CO'),(3431,3.65,'2021-05-05','04:00:00',32,'SO2'),(3432,8.1,'2021-05-05','04:00:00',32,'NO2'),(3433,15.22,'2021-05-05','04:00:00',32,'PM10'),(3434,60.62,'2021-05-05','04:00:00',32,'O3'),(3435,2.05,'2021-05-05','04:00:00',32,'SH2'),(3436,4.25,'2021-05-05','03:00:00',32,'SO2'),(3437,18.1,'2021-05-05','03:00:00',32,'PM10'),(3438,8.03,'2021-05-05','03:00:00',32,'NO2'),(3439,0.12,'2021-05-05','03:00:00',32,'CO'),(3440,1.62,'2021-05-05','03:00:00',32,'SH2'),(3441,64.98,'2021-05-05','03:00:00',32,'O3'),(3442,4,'2021-05-05','02:00:00',32,'SO2'),(3443,0.12,'2021-05-05','02:00:00',32,'CO'),(3444,22.58,'2021-05-05','02:00:00',32,'PM10'),(3445,7.8,'2021-05-05','02:00:00',32,'NO2'),(3446,71.5,'2021-05-05','02:00:00',32,'O3'),(3447,1.97,'2021-05-05','02:00:00',32,'SH2'),(3448,66.72,'2021-05-05','01:00:00',32,'O3'),(3449,1.9,'2021-05-05','01:00:00',32,'SH2'),(3450,8.38,'2021-05-05','01:00:00',32,'NO2'),(3451,4.03,'2021-05-05','01:00:00',32,'SO2'),(3452,26.37,'2021-05-05','01:00:00',32,'PM10'),(3453,0.14,'2021-05-05','01:00:00',32,'CO'),(3454,1.72,'2021-05-05','00:00:00',32,'SH2'),(3455,47.77,'2021-05-05','00:00:00',32,'O3'),(3456,0.14,'2021-05-05','00:00:00',32,'CO'),(3457,26.1,'2021-05-05','00:00:00',32,'PM10'),(3458,3.43,'2021-05-05','00:00:00',32,'SO2'),(3459,14.9,'2021-05-05','00:00:00',32,'NO2'),(3460,23.23,'2021-05-04','23:00:00',32,'O3'),(3461,0.24,'2021-05-04','23:00:00',32,'CO'),(3462,1.95,'2021-05-04','23:00:00',32,'SH2'),(3463,3.3,'2021-05-04','23:00:00',32,'SO2'),(3464,29.25,'2021-05-04','23:00:00',32,'NO2'),(3465,21.78,'2021-05-04','23:00:00',32,'PM10'),(3466,9.95,'2021-05-04','22:00:00',32,'O3'),(3467,0.27,'2021-05-04','22:00:00',32,'CO'),(3468,2.58,'2021-05-04','22:00:00',32,'SH2'),(3469,4.08,'2021-05-04','22:00:00',32,'SO2'),(3470,38.97,'2021-05-04','22:00:00',32,'NO2'),(3471,14.38,'2021-05-04','22:00:00',32,'PM10'),(3472,0.15,'2021-05-04','21:00:00',32,'CO'),(3473,65.2,'2021-05-04','21:00:00',32,'O3'),(3474,2.83,'2021-05-04','21:00:00',32,'SH2'),(3475,3.43,'2021-05-04','21:00:00',32,'SO2'),(3476,17.33,'2021-05-04','21:00:00',32,'NO2'),(3477,9.62,'2021-05-04','21:00:00',32,'PM10'),(3478,0.12,'2021-05-04','20:00:00',32,'CO'),(3479,2.43,'2021-05-04','20:00:00',32,'SH2'),(3480,7.97,'2021-05-04','20:00:00',32,'PM10'),(3481,3.12,'2021-05-04','20:00:00',32,'SO2'),(3482,9.62,'2021-05-04','20:00:00',32,'NO2'),(3483,94.95,'2021-05-04','20:00:00',32,'O3'),(3484,0.11,'2021-05-04','19:00:00',32,'CO'),(3485,2.45,'2021-05-04','19:00:00',32,'SH2'),(3486,3.72,'2021-05-04','19:00:00',32,'SO2'),(3487,8.7,'2021-05-04','19:00:00',32,'NO2'),(3488,8.2,'2021-05-04','19:00:00',32,'PM10'),(3489,99.5,'2021-05-04','19:00:00',32,'O3'),(3490,4.9,'2021-05-04','18:00:00',32,'SO2'),(3491,11.48,'2021-05-04','18:00:00',32,'PM10'),(3492,0.11,'2021-05-04','18:00:00',32,'CO'),(3493,7.85,'2021-05-04','18:00:00',32,'NO2'),(3494,104.12,'2021-05-04','18:00:00',32,'O3'),(3495,2.58,'2021-05-04','18:00:00',32,'SH2'),(3496,12.42,'2021-05-04','17:00:00',32,'PM10'),(3497,102.1,'2021-05-04','17:00:00',32,'O3'),(3498,3.85,'2021-05-04','17:00:00',32,'SO2'),(3499,2.27,'2021-05-04','17:00:00',32,'SH2'),(3500,0.11,'2021-05-04','17:00:00',32,'CO'),(3501,7.63,'2021-05-04','17:00:00',32,'NO2'),(3502,0.11,'2021-05-04','16:00:00',32,'CO'),(3503,7.95,'2021-05-04','16:00:00',32,'NO2'),(3504,3.85,'2021-05-04','16:00:00',32,'SO2'),(3505,13.47,'2021-05-04','16:00:00',32,'PM10'),(3506,101.1,'2021-05-04','16:00:00',32,'O3'),(3507,2.35,'2021-05-04','16:00:00',32,'SH2'),(3508,3.68,'2021-05-04','15:00:00',32,'SO2'),(3509,0.12,'2021-05-04','15:00:00',32,'CO'),(3510,2.38,'2021-05-04','15:00:00',32,'SH2'),(3511,8.75,'2021-05-04','15:00:00',32,'NO2'),(3512,12.52,'2021-05-04','15:00:00',32,'PM10'),(3513,99.88,'2021-05-04','15:00:00',32,'O3'),(3514,0.12,'2021-05-04','14:00:00',32,'CO'),(3515,12.85,'2021-05-04','14:00:00',32,'PM10'),(3516,92.8,'2021-05-04','14:00:00',32,'O3'),(3517,8,'2021-05-04','14:00:00',32,'NO2'),(3518,2,'2021-05-04','14:00:00',32,'SH2'),(3519,4.87,'2021-05-04','14:00:00',32,'SO2'),(3520,0.13,'2021-05-04','13:00:00',32,'CO'),(3521,8.03,'2021-05-04','13:00:00',32,'NO2'),(3522,15.85,'2021-05-04','13:00:00',32,'PM10'),(3523,4.25,'2021-05-04','13:00:00',32,'SO2'),(3524,84.82,'2021-05-04','13:00:00',32,'O3'),(3525,2.1,'2021-05-04','13:00:00',32,'SH2'),(3526,9.05,'2021-05-04','12:00:00',32,'NO2'),(3527,18.97,'2021-05-04','12:00:00',32,'PM10'),(3528,3.8,'2021-05-04','12:00:00',32,'SO2'),(3529,0.14,'2021-05-04','12:00:00',32,'CO'),(3530,69.43,'2021-05-04','12:00:00',32,'O3'),(3531,1.95,'2021-05-04','12:00:00',32,'SH2'),(3532,10.25,'2021-05-04','11:00:00',32,'NO2'),(3533,24.6,'2021-05-04','11:00:00',32,'PM10'),(3534,4.15,'2021-05-04','11:00:00',32,'SO2'),(3535,0.15,'2021-05-04','11:00:00',32,'CO'),(3536,60.32,'2021-05-04','11:00:00',32,'O3'),(3537,2.32,'2021-05-04','11:00:00',32,'SH2'),(3538,2.38,'2021-05-04','10:00:00',32,'SH2'),(3539,4.93,'2021-05-04','10:00:00',32,'SO2'),(3540,0.16,'2021-05-04','10:00:00',32,'CO'),(3541,13.4,'2021-05-04','10:00:00',32,'NO2'),(3542,27.97,'2021-05-04','10:00:00',32,'PM10'),(3543,52.02,'2021-05-04','10:00:00',32,'O3'),(3544,2.5,'2021-05-04','09:00:00',32,'SH2'),(3545,4.42,'2021-05-04','09:00:00',32,'SO2'),(3546,14.43,'2021-05-04','09:00:00',32,'NO2'),(3547,29.43,'2021-05-04','09:00:00',32,'PM10'),(3548,0.16,'2021-05-04','09:00:00',32,'CO'),(3549,47.97,'2021-05-04','09:00:00',32,'O3'),(3550,4.28,'2021-05-04','08:00:00',32,'SO2'),(3551,20.28,'2021-05-04','08:00:00',32,'NO2'),(3552,27.87,'2021-05-04','08:00:00',32,'PM10'),(3553,19.45,'2021-05-04','08:00:00',32,'O3'),(3554,2.7,'2021-05-04','08:00:00',32,'SH2'),(3555,0.2,'2021-05-04','08:00:00',32,'CO'),(3556,2.73,'2021-05-04','07:00:00',32,'SH2'),(3557,3.55,'2021-05-04','07:00:00',32,'SO2'),(3558,0.22,'2021-05-04','07:00:00',32,'CO'),(3559,20.83,'2021-05-04','07:00:00',32,'PM10'),(3560,19.95,'2021-05-04','07:00:00',32,'NO2'),(3561,16.2,'2021-05-04','07:00:00',32,'O3'),(3562,17.92,'2021-05-04','06:00:00',32,'PM10'),(3563,17.45,'2021-05-04','06:00:00',32,'NO2'),(3564,2.35,'2021-05-04','06:00:00',32,'SH2'),(3565,3.3,'2021-05-04','06:00:00',32,'SO2'),(3566,0.17,'2021-05-04','06:00:00',32,'CO'),(3567,19.88,'2021-05-04','06:00:00',32,'O3'),(3568,10.4,'2021-05-04','05:00:00',32,'NO2'),(3569,20.82,'2021-05-04','05:00:00',32,'PM10'),(3570,33.78,'2021-05-04','05:00:00',32,'O3'),(3571,3.15,'2021-05-04','05:00:00',32,'SO2'),(3572,0.13,'2021-05-04','05:00:00',32,'CO'),(3573,2.45,'2021-05-04','05:00:00',32,'SH2'),(3574,2.45,'2021-05-04','04:00:00',32,'SH2'),(3575,36.12,'2021-05-04','04:00:00',32,'O3'),(3576,2.8,'2021-05-04','04:00:00',32,'SO2'),(3577,0.14,'2021-05-04','04:00:00',32,'CO'),(3578,20.62,'2021-05-04','04:00:00',32,'PM10'),(3579,11.02,'2021-05-04','04:00:00',32,'NO2'),(3580,0.13,'2021-05-04','03:00:00',32,'CO'),(3581,10.72,'2021-05-04','03:00:00',32,'NO2'),(3582,10.8,'2021-05-04','03:00:00',32,'PM10'),(3583,44.83,'2021-05-04','03:00:00',32,'O3'),(3584,2.42,'2021-05-04','03:00:00',32,'SH2'),(3585,3.52,'2021-05-04','03:00:00',32,'SO2'),(3586,9.43,'2021-05-04','02:00:00',32,'NO2'),(3587,0.14,'2021-05-04','02:00:00',32,'CO'),(3588,7.15,'2021-05-04','02:00:00',32,'PM10'),(3589,4.2,'2021-05-04','02:00:00',32,'SO2'),(3590,39.85,'2021-05-04','02:00:00',32,'O3'),(3591,2.55,'2021-05-04','02:00:00',32,'SH2'),(3592,3.57,'2021-05-04','01:00:00',32,'SO2'),(3593,0.16,'2021-05-04','01:00:00',32,'CO'),(3594,11.12,'2021-05-04','01:00:00',32,'NO2'),(3595,9.87,'2021-05-04','01:00:00',32,'PM10'),(3596,41.35,'2021-05-04','01:00:00',32,'O3'),(3597,2.38,'2021-05-04','01:00:00',32,'SH2'),(3598,12.03,'2021-05-04','00:00:00',32,'PM10'),(3599,3.82,'2021-05-04','00:00:00',32,'SO2'),(3600,14.53,'2021-05-04','00:00:00',32,'NO2'),(3601,0.19,'2021-05-04','00:00:00',32,'CO'),(3602,2.2,'2021-05-04','00:00:00',32,'SH2'),(3603,33.4,'2021-05-04','00:00:00',32,'O3'),(3604,3.47,'2021-05-03','23:00:00',32,'SO2'),(3605,37.5,'2021-05-03','23:00:00',32,'O3'),(3606,2.1,'2021-05-03','23:00:00',32,'SH2'),(3607,0.21,'2021-05-03','23:00:00',32,'CO'),(3608,16.15,'2021-05-03','23:00:00',32,'NO2'),(3609,11.15,'2021-05-03','23:00:00',32,'PM10'),(3610,14.2,'2021-05-03','22:00:00',32,'NO2'),(3611,52.2,'2021-05-03','22:00:00',32,'O3'),(3612,0.18,'2021-05-03','22:00:00',32,'CO'),(3613,3.73,'2021-05-03','22:00:00',32,'SO2'),(3614,15.5,'2021-05-03','22:00:00',32,'PM10'),(3615,2.25,'2021-05-03','22:00:00',32,'SH2'),(3616,2.53,'2021-05-03','21:00:00',32,'SH2'),(3617,4.2,'2021-05-03','21:00:00',32,'SO2'),(3618,0.17,'2021-05-03','21:00:00',32,'CO'),(3619,15.38,'2021-05-03','21:00:00',32,'PM10'),(3620,13.53,'2021-05-03','21:00:00',32,'NO2'),(3621,60.88,'2021-05-03','21:00:00',32,'O3'),(3622,2.1,'2021-05-03','20:00:00',32,'SH2'),(3623,3.6,'2021-05-03','20:00:00',32,'SO2'),(3624,0.15,'2021-05-03','20:00:00',32,'CO'),(3625,17.73,'2021-05-03','20:00:00',32,'PM10'),(3626,12.67,'2021-05-03','20:00:00',32,'NO2'),(3627,74.12,'2021-05-03','20:00:00',32,'O3'),(3628,17.57,'2021-05-03','19:00:00',32,'PM10'),(3629,85.75,'2021-05-03','19:00:00',32,'O3'),(3630,4.05,'2021-05-03','19:00:00',32,'SO2'),(3631,0.12,'2021-05-03','19:00:00',32,'CO'),(3632,8.85,'2021-05-03','19:00:00',32,'NO2'),(3633,2.2,'2021-05-03','19:00:00',32,'SH2'),(3634,11.67,'2021-05-03','18:00:00',32,'NO2'),(3635,2.2,'2021-05-03','18:00:00',32,'SH2'),(3636,3.6,'2021-05-03','18:00:00',32,'SO2'),(3637,80.27,'2021-05-03','18:00:00',32,'O3'),(3638,0.13,'2021-05-03','18:00:00',32,'CO'),(3639,16.48,'2021-05-03','18:00:00',32,'PM10'),(3640,14.05,'2021-05-03','17:00:00',32,'NO2'),(3641,15.92,'2021-05-03','17:00:00',32,'PM10'),(3642,3.95,'2021-05-03','17:00:00',32,'SO2'),(3643,0.14,'2021-05-03','17:00:00',32,'CO'),(3644,74.77,'2021-05-03','17:00:00',32,'O3'),(3645,2.3,'2021-05-03','17:00:00',32,'SH2'),(3646,77.22,'2021-05-03','16:00:00',32,'O3'),(3647,4.65,'2021-05-03','16:00:00',32,'SO2'),(3648,0.13,'2021-05-03','16:00:00',32,'CO'),(3649,11.6,'2021-05-03','16:00:00',32,'NO2'),(3650,15.65,'2021-05-03','16:00:00',32,'PM10'),(3651,2.35,'2021-05-03','16:00:00',32,'SH2'),(3652,2.18,'2021-05-03','15:00:00',32,'SH2'),(3653,8.68,'2021-05-03','15:00:00',32,'NO2'),(3654,17.58,'2021-05-03','15:00:00',32,'PM10'),(3655,4.22,'2021-05-03','15:00:00',32,'SO2'),(3656,0.13,'2021-05-03','15:00:00',32,'CO'),(3657,85.05,'2021-05-03','15:00:00',32,'O3'),(3658,0.14,'2021-05-03','14:00:00',32,'CO'),(3659,10.1,'2021-05-03','14:00:00',32,'NO2'),(3660,81.17,'2021-05-03','14:00:00',32,'O3'),(3661,18.22,'2021-05-03','14:00:00',32,'PM10'),(3662,2.4,'2021-05-03','14:00:00',32,'SH2'),(3663,3.93,'2021-05-03','14:00:00',32,'SO2'),(3664,10.62,'2021-05-03','13:00:00',32,'NO2'),(3665,3.57,'2021-05-03','13:00:00',32,'SO2'),(3666,20.7,'2021-05-03','13:00:00',32,'PM10'),(3667,0.15,'2021-05-03','13:00:00',32,'CO'),(3668,82.22,'2021-05-03','13:00:00',32,'O3'),(3669,2,'2021-05-03','13:00:00',32,'SH2'),(3670,24.92,'2021-05-03','12:00:00',32,'PM10'),(3671,79.1,'2021-05-03','12:00:00',32,'O3'),(3672,2.3,'2021-05-03','12:00:00',32,'SH2'),(3673,4.55,'2021-05-03','12:00:00',32,'SO2'),(3674,0.15,'2021-05-03','12:00:00',32,'CO'),(3675,10.4,'2021-05-03','12:00:00',32,'NO2'),(3676,12.05,'2021-05-03','11:00:00',32,'NO2'),(3677,71.65,'2021-05-03','11:00:00',32,'O3'),(3678,2.4,'2021-05-03','11:00:00',32,'SH2'),(3679,4.57,'2021-05-03','11:00:00',32,'SO2'),(3680,0.16,'2021-05-03','11:00:00',32,'CO'),(3681,27.38,'2021-05-03','11:00:00',32,'PM10'),(3682,4.53,'2021-05-03','10:00:00',32,'SO2'),(3683,31.12,'2021-05-03','10:00:00',32,'PM10'),(3684,59.25,'2021-05-03','10:00:00',32,'O3'),(3685,0.17,'2021-05-03','10:00:00',32,'CO'),(3686,15.12,'2021-05-03','10:00:00',32,'NO2'),(3687,2.35,'2021-05-03','10:00:00',32,'SH2'),(3688,32.57,'2021-05-03','09:00:00',32,'PM10'),(3689,4.4,'2021-05-03','09:00:00',32,'SO2'),(3690,31.05,'2021-05-03','09:00:00',32,'O3'),(3691,2.72,'2021-05-03','09:00:00',32,'SH2'),(3692,0.18,'2021-05-03','09:00:00',32,'CO'),(3693,18.6,'2021-05-03','09:00:00',32,'NO2'),(3694,0.21,'2021-05-03','08:00:00',32,'CO'),(3695,14.7,'2021-05-03','08:00:00',32,'O3'),(3696,4.3,'2021-05-03','08:00:00',32,'SO2'),(3697,3.28,'2021-05-03','08:00:00',32,'SH2'),(3698,22.57,'2021-05-03','08:00:00',32,'NO2'),(3699,28.7,'2021-05-03','08:00:00',32,'PM10'),(3700,4.75,'2021-05-03','07:00:00',32,'SO2'),(3701,22.88,'2021-05-03','07:00:00',32,'PM10'),(3702,26.93,'2021-05-03','07:00:00',32,'NO2'),(3703,7.87,'2021-05-03','07:00:00',32,'O3'),(3704,2.62,'2021-05-03','07:00:00',32,'SH2'),(3705,0.23,'2021-05-03','07:00:00',32,'CO'),(3706,3.93,'2021-05-03','06:00:00',32,'SO2'),(3707,17.78,'2021-05-03','06:00:00',32,'NO2'),(3708,13.72,'2021-05-03','06:00:00',32,'PM10'),(3709,26.97,'2021-05-03','06:00:00',32,'O3'),(3710,2.65,'2021-05-03','06:00:00',32,'SH2'),(3711,0.2,'2021-05-03','06:00:00',32,'CO'),(3712,2.57,'2021-05-03','05:00:00',32,'SH2'),(3713,0.17,'2021-05-03','05:00:00',32,'CO'),(3714,3.68,'2021-05-03','05:00:00',32,'SO2'),(3715,11,'2021-05-03','05:00:00',32,'PM10'),(3716,13.2,'2021-05-03','05:00:00',32,'NO2'),(3717,32.35,'2021-05-03','05:00:00',32,'O3'),(3718,2.98,'2021-05-03','04:00:00',32,'SH2'),(3719,38.1,'2021-05-03','04:00:00',32,'O3'),(3720,3.77,'2021-05-03','04:00:00',32,'SO2'),(3721,0.15,'2021-05-03','04:00:00',32,'CO'),(3722,11.4,'2021-05-03','04:00:00',32,'PM10'),(3723,9.17,'2021-05-03','04:00:00',32,'NO2'),(3724,0.14,'2021-05-03','03:00:00',32,'CO'),(3725,12,'2021-05-03','03:00:00',32,'PM10'),(3726,7.82,'2021-05-03','03:00:00',32,'NO2'),(3727,2.65,'2021-05-03','03:00:00',32,'SH2'),(3728,64.65,'2021-05-03','03:00:00',32,'O3'),(3729,3.83,'2021-05-03','03:00:00',32,'SO2'),(3730,13.3,'2021-05-03','02:00:00',32,'PM10'),(3731,7.52,'2021-05-03','02:00:00',32,'NO2'),(3732,0.14,'2021-05-03','02:00:00',32,'CO'),(3733,3.52,'2021-05-03','02:00:00',32,'SO2'),(3734,2.4,'2021-05-03','02:00:00',32,'SH2'),(3735,63.75,'2021-05-03','02:00:00',32,'O3'),(3736,0.13,'2021-05-03','01:00:00',32,'CO'),(3737,8.47,'2021-05-03','01:00:00',32,'NO2'),(3738,3.47,'2021-05-03','01:00:00',32,'SO2'),(3739,13,'2021-05-03','01:00:00',32,'PM10'),(3740,2.25,'2021-05-03','01:00:00',32,'SH2'),(3741,57.55,'2021-05-03','01:00:00',32,'O3'),(3742,0.13,'2021-05-03','00:00:00',32,'CO'),(3743,8.63,'2021-05-03','00:00:00',32,'NO2'),(3744,10.5,'2021-05-03','00:00:00',32,'PM10'),(3745,3.3,'2021-05-03','00:00:00',32,'SO2'),(3746,2.18,'2021-05-03','00:00:00',32,'SH2'),(3747,62.43,'2021-05-03','00:00:00',32,'O3'),(3748,96.19,'2021-05-09','00:00:00',29,'O3'),(3749,0.11,'2021-05-09','00:00:00',29,'CO'),(3750,3.46,'2021-05-09','00:00:00',29,'SO2'),(3751,10.01,'2021-05-09','00:00:00',29,'NO2'),(3752,24.78,'2021-05-09','00:00:00',29,'PM10'),(3753,24.1,'2021-05-08','23:00:00',29,'PM10'),(3754,15.79,'2021-05-08','23:00:00',29,'NO2'),(3755,86.7,'2021-05-08','23:00:00',29,'O3'),(3756,3,'2021-05-08','23:00:00',29,'SO2'),(3757,0.14,'2021-05-08','23:00:00',29,'CO'),(3758,18,'2021-05-08','22:00:00',29,'NO2'),(3759,0.18,'2021-05-08','22:00:00',29,'CO'),(3760,3.08,'2021-05-08','22:00:00',29,'SO2'),(3761,21.08,'2021-05-08','22:00:00',29,'PM10'),(3762,80.55,'2021-05-08','22:00:00',29,'O3'),(3763,19.05,'2021-05-08','21:00:00',29,'PM10'),(3764,16.96,'2021-05-08','21:00:00',29,'NO2'),(3765,79.52,'2021-05-08','21:00:00',29,'O3'),(3766,2.14,'2021-05-08','21:00:00',29,'SO2'),(3767,0.18,'2021-05-08','21:00:00',29,'CO'),(3768,18.94,'2021-05-08','20:00:00',29,'NO2'),(3769,13.59,'2021-05-08','20:00:00',29,'PM10'),(3770,2.34,'2021-05-08','20:00:00',29,'SO2'),(3771,73.81,'2021-05-08','20:00:00',29,'O3'),(3772,0.18,'2021-05-08','20:00:00',29,'CO'),(3773,23.23,'2021-05-08','19:00:00',29,'NO2'),(3774,4.98,'2021-05-08','19:00:00',29,'PM10'),(3775,2.61,'2021-05-08','19:00:00',29,'SO2'),(3776,74.02,'2021-05-08','19:00:00',29,'O3'),(3777,0.21,'2021-05-08','19:00:00',29,'CO'),(3778,2.07,'2021-05-08','18:00:00',29,'SO2'),(3779,0.2,'2021-05-08','18:00:00',29,'CO'),(3780,1,'2021-05-08','18:00:00',29,'PM10'),(3781,20.91,'2021-05-08','18:00:00',29,'NO2'),(3782,74.98,'2021-05-08','18:00:00',29,'O3'),(3783,0.19,'2021-05-08','17:00:00',29,'CO'),(3784,2.14,'2021-05-08','17:00:00',29,'SO2'),(3785,16.61,'2021-05-08','17:00:00',29,'NO2'),(3786,79.73,'2021-05-08','17:00:00',29,'O3'),(3787,3.24,'2021-05-08','17:00:00',29,'PM10'),(3788,16.06,'2021-05-08','16:00:00',29,'NO2'),(3789,2.09,'2021-05-08','16:00:00',29,'SO2'),(3790,0.2,'2021-05-08','16:00:00',29,'CO'),(3791,1.94,'2021-05-08','16:00:00',29,'PM10'),(3792,73.75,'2021-05-08','16:00:00',29,'O3'),(3793,17.15,'2021-05-08','15:00:00',29,'NO2'),(3794,67.91,'2021-05-08','15:00:00',29,'O3'),(3795,2.15,'2021-05-08','15:00:00',29,'SO2'),(3796,0.23,'2021-05-08','15:00:00',29,'CO'),(3797,1,'2021-05-08','15:00:00',29,'PM10'),(3798,20.1,'2021-05-08','14:00:00',29,'NO2'),(3799,2.24,'2021-05-08','14:00:00',29,'SO2'),(3800,1.76,'2021-05-08','14:00:00',29,'PM10'),(3801,67.27,'2021-05-08','14:00:00',29,'O3'),(3802,0.21,'2021-05-08','14:00:00',29,'CO'),(3803,23.71,'2021-05-08','13:00:00',29,'NO2'),(3804,59.35,'2021-05-08','13:00:00',29,'O3'),(3805,15.82,'2021-05-08','13:00:00',29,'PM10'),(3806,2.3,'2021-05-08','13:00:00',29,'SO2'),(3807,0.21,'2021-05-08','13:00:00',29,'CO'),(3808,2.66,'2021-05-08','12:00:00',29,'SO2'),(3809,0.23,'2021-05-08','12:00:00',29,'CO'),(3810,57.91,'2021-05-08','12:00:00',29,'O3'),(3811,20.89,'2021-05-08','12:00:00',29,'NO2'),(3812,19.37,'2021-05-08','12:00:00',29,'PM10'),(3813,0.2,'2021-05-08','11:00:00',29,'CO'),(3814,18.72,'2021-05-08','11:00:00',29,'NO2'),(3815,26.26,'2021-05-08','11:00:00',29,'PM10'),(3816,55.28,'2021-05-08','11:00:00',29,'O3'),(3817,2.47,'2021-05-08','11:00:00',29,'SO2'),(3818,2.12,'2021-05-08','10:00:00',29,'SO2'),(3819,0.19,'2021-05-08','10:00:00',29,'CO'),(3820,53.74,'2021-05-08','10:00:00',29,'O3'),(3821,16.35,'2021-05-08','10:00:00',29,'NO2'),(3822,26.85,'2021-05-08','10:00:00',29,'PM10'),(3823,0.18,'2021-05-08','09:00:00',29,'CO'),(3824,48.36,'2021-05-08','09:00:00',29,'O3'),(3825,15.91,'2021-05-08','09:00:00',29,'NO2'),(3826,27.23,'2021-05-08','09:00:00',29,'PM10'),(3827,2.3,'2021-05-08','09:00:00',29,'SO2'),(3828,0.16,'2021-05-08','08:00:00',29,'CO'),(3829,12.67,'2021-05-08','08:00:00',29,'NO2'),(3830,25.49,'2021-05-08','08:00:00',29,'PM10'),(3831,50.49,'2021-05-08','08:00:00',29,'O3'),(3832,2.36,'2021-05-08','08:00:00',29,'SO2'),(3833,27.44,'2021-05-08','07:00:00',29,'PM10'),(3834,11.81,'2021-05-08','07:00:00',29,'NO2'),(3835,50.33,'2021-05-08','07:00:00',29,'O3'),(3836,2.43,'2021-05-08','07:00:00',29,'SO2'),(3837,0.16,'2021-05-08','07:00:00',29,'CO'),(3838,34.36,'2021-05-08','06:00:00',29,'PM10'),(3839,51.42,'2021-05-08','06:00:00',29,'O3'),(3840,2.5,'2021-05-08','06:00:00',29,'SO2'),(3841,11.19,'2021-05-08','06:00:00',29,'NO2'),(3842,0.14,'2021-05-08','06:00:00',29,'CO'),(3843,2.62,'2021-05-08','05:00:00',29,'SO2'),(3844,0.14,'2021-05-08','05:00:00',29,'CO'),(3845,10.69,'2021-05-08','05:00:00',29,'NO2'),(3846,33.49,'2021-05-08','05:00:00',29,'PM10'),(3847,55.01,'2021-05-08','05:00:00',29,'O3'),(3848,2.99,'2021-05-08','04:00:00',29,'SO2'),(3849,52.11,'2021-05-08','04:00:00',29,'O3'),(3850,0.15,'2021-05-08','04:00:00',29,'CO'),(3851,12.81,'2021-05-08','04:00:00',29,'NO2'),(3852,34.58,'2021-05-08','04:00:00',29,'PM10'),(3853,3.39,'2021-05-08','03:00:00',29,'SO2'),(3854,51.56,'2021-05-08','03:00:00',29,'O3'),(3855,0.15,'2021-05-08','03:00:00',29,'CO'),(3856,13.14,'2021-05-08','03:00:00',29,'NO2'),(3857,37.34,'2021-05-08','03:00:00',29,'PM10'),(3858,3.36,'2021-05-08','02:00:00',29,'SO2'),(3859,0.15,'2021-05-08','02:00:00',29,'CO'),(3860,46.09,'2021-05-08','02:00:00',29,'PM10'),(3861,19.36,'2021-05-08','02:00:00',29,'NO2'),(3862,39.29,'2021-05-08','02:00:00',29,'O3'),(3863,29.81,'2021-05-08','01:00:00',29,'O3'),(3864,2.65,'2021-05-08','01:00:00',29,'SO2'),(3865,0.24,'2021-05-08','01:00:00',29,'CO'),(3866,49.33,'2021-05-08','01:00:00',29,'PM10'),(3867,27.39,'2021-05-08','01:00:00',29,'NO2'),(3868,22.38,'2021-05-08','00:00:00',29,'O3'),(3869,0.34,'2021-05-08','00:00:00',29,'CO'),(3870,45.36,'2021-05-08','00:00:00',29,'NO2'),(3871,2.56,'2021-05-08','00:00:00',29,'SO2'),(3872,48.86,'2021-05-08','00:00:00',29,'PM10'),(3873,2.79,'2021-05-07','23:00:00',29,'SO2'),(3874,3.16,'2021-05-07','23:00:00',29,'O3'),(3875,0.55,'2021-05-07','23:00:00',29,'CO'),(3876,82.28,'2021-05-07','23:00:00',29,'NO2'),(3877,42.52,'2021-05-07','23:00:00',29,'PM10'),(3878,2.84,'2021-05-07','22:00:00',29,'SO2'),(3879,5.65,'2021-05-07','22:00:00',29,'O3'),(3880,90.97,'2021-05-07','22:00:00',29,'NO2'),(3881,0.7,'2021-05-07','22:00:00',29,'CO'),(3882,30.33,'2021-05-07','22:00:00',29,'PM10'),(3883,39.75,'2021-05-07','21:00:00',29,'O3'),(3884,48.16,'2021-05-07','21:00:00',29,'NO2'),(3885,22.56,'2021-05-07','21:00:00',29,'PM10'),(3886,0.4,'2021-05-07','21:00:00',29,'CO'),(3887,2.38,'2021-05-07','21:00:00',29,'SO2'),(3888,0.35,'2021-05-07','20:00:00',29,'CO'),(3889,52.35,'2021-05-07','20:00:00',29,'O3'),(3890,45.15,'2021-05-07','20:00:00',29,'NO2'),(3891,9.19,'2021-05-07','20:00:00',29,'PM10'),(3892,2.58,'2021-05-07','20:00:00',29,'SO2'),(3893,0.28,'2021-05-07','19:00:00',29,'CO'),(3894,55.06,'2021-05-07','19:00:00',29,'O3'),(3895,44.73,'2021-05-07','19:00:00',29,'NO2'),(3896,3.4,'2021-05-07','19:00:00',29,'PM10'),(3897,2.3,'2021-05-07','19:00:00',29,'SO2'),(3898,64.22,'2021-05-07','18:00:00',29,'O3'),(3899,0.24,'2021-05-07','18:00:00',29,'CO'),(3900,35.49,'2021-05-07','18:00:00',29,'NO2'),(3901,2.23,'2021-05-07','18:00:00',29,'SO2'),(3902,1.04,'2021-05-07','18:00:00',29,'PM10'),(3903,2.42,'2021-05-07','17:00:00',29,'SO2'),(3904,66.41,'2021-05-07','17:00:00',29,'O3'),(3905,0.3,'2021-05-07','17:00:00',29,'CO'),(3906,27.72,'2021-05-07','17:00:00',29,'NO2'),(3907,1,'2021-05-07','17:00:00',29,'PM10'),(3908,1,'2021-05-07','16:00:00',29,'PM10'),(3909,70.06,'2021-05-07','16:00:00',29,'O3'),(3910,2.15,'2021-05-07','16:00:00',29,'SO2'),(3911,0.22,'2021-05-07','16:00:00',29,'CO'),(3912,21.92,'2021-05-07','16:00:00',29,'NO2'),(3913,20.9,'2021-05-07','15:00:00',29,'NO2'),(3914,68.25,'2021-05-07','15:00:00',29,'O3'),(3915,2.34,'2021-05-07','15:00:00',29,'SO2'),(3916,0.23,'2021-05-07','15:00:00',29,'CO'),(3917,1.4,'2021-05-07','15:00:00',29,'PM10'),(3918,18.61,'2021-05-07','14:00:00',29,'NO2'),(3919,2.44,'2021-05-07','14:00:00',29,'SO2'),(3920,63.21,'2021-05-07','14:00:00',29,'O3'),(3921,7.43,'2021-05-07','14:00:00',29,'PM10'),(3922,0.22,'2021-05-07','14:00:00',29,'CO'),(3923,0.22,'2021-05-07','13:00:00',29,'CO'),(3924,18.2,'2021-05-07','13:00:00',29,'NO2'),(3925,26.39,'2021-05-07','13:00:00',29,'PM10'),(3926,2.38,'2021-05-07','13:00:00',29,'SO2'),(3927,61.57,'2021-05-07','13:00:00',29,'O3'),(3928,0.21,'2021-05-07','12:00:00',29,'CO'),(3929,21.29,'2021-05-07','12:00:00',29,'PM10'),(3930,2.55,'2021-05-07','12:00:00',29,'SO2'),(3931,62.1,'2021-05-07','12:00:00',29,'O3'),(3932,16.13,'2021-05-07','12:00:00',29,'NO2'),(3933,2.48,'2021-05-07','11:00:00',29,'SO2'),(3934,0.23,'2021-05-07','11:00:00',29,'CO'),(3935,18.52,'2021-05-07','11:00:00',29,'NO2'),(3936,15.69,'2021-05-07','11:00:00',29,'PM10'),(3937,55.51,'2021-05-07','11:00:00',29,'O3'),(3938,20.11,'2021-05-07','10:00:00',29,'NO2'),(3939,2.3,'2021-05-07','10:00:00',29,'SO2'),(3940,0.25,'2021-05-07','10:00:00',29,'CO'),(3941,24.44,'2021-05-07','10:00:00',29,'PM10'),(3942,2.18,'2021-05-07','08:00:00',29,'SO2'),(3943,0.33,'2021-05-07','08:00:00',29,'CO'),(3944,49.68,'2021-05-07','08:00:00',29,'NO2'),(3945,21.5,'2021-05-07','08:00:00',29,'PM10'),(3946,0.29,'2021-05-07','07:00:00',29,'CO'),(3947,38.87,'2021-05-07','07:00:00',29,'NO2'),(3948,20.56,'2021-05-07','07:00:00',29,'PM10'),(3949,2.03,'2021-05-07','07:00:00',29,'SO2'),(3950,11.18,'2021-05-07','07:00:00',29,'O3'),(3951,1.84,'2021-05-07','06:00:00',29,'SO2'),(3952,19.86,'2021-05-07','06:00:00',29,'PM10'),(3953,22.84,'2021-05-07','06:00:00',29,'O3'),(3954,0.23,'2021-05-07','06:00:00',29,'CO'),(3955,25.11,'2021-05-07','06:00:00',29,'NO2'),(3956,1.94,'2021-05-07','05:00:00',29,'SO2'),(3957,0.2,'2021-05-07','05:00:00',29,'CO'),(3958,19.25,'2021-05-07','05:00:00',29,'NO2'),(3959,21.49,'2021-05-07','05:00:00',29,'PM10'),(3960,28.11,'2021-05-07','05:00:00',29,'O3'),(3961,1.97,'2021-05-07','04:00:00',29,'SO2'),(3962,12.6,'2021-05-07','04:00:00',29,'NO2'),(3963,0.18,'2021-05-07','04:00:00',29,'CO'),(3964,32.05,'2021-05-07','04:00:00',29,'PM10'),(3965,33.62,'2021-05-07','04:00:00',29,'O3'),(3966,34.5,'2021-05-07','03:00:00',29,'O3'),(3967,2.07,'2021-05-07','03:00:00',29,'SO2'),(3968,0.18,'2021-05-07','03:00:00',29,'CO'),(3969,40.95,'2021-05-07','03:00:00',29,'PM10'),(3970,14.38,'2021-05-07','03:00:00',29,'NO2'),(3971,36.81,'2021-05-07','02:00:00',29,'O3'),(3972,1.96,'2021-05-07','02:00:00',29,'SO2'),(3973,0.18,'2021-05-07','02:00:00',29,'CO'),(3974,13.23,'2021-05-07','02:00:00',29,'NO2'),(3975,39.65,'2021-05-07','02:00:00',29,'PM10'),(3976,15.75,'2021-05-07','01:00:00',29,'NO2'),(3977,0.19,'2021-05-07','01:00:00',29,'CO'),(3978,2.06,'2021-05-07','01:00:00',29,'SO2'),(3979,36.41,'2021-05-07','01:00:00',29,'PM10'),(3980,33.93,'2021-05-07','01:00:00',29,'O3'),(3981,27.36,'2021-05-07','00:00:00',29,'NO2'),(3982,39.57,'2021-05-07','00:00:00',29,'PM10'),(3983,31.13,'2021-05-07','00:00:00',29,'O3'),(3984,0.23,'2021-05-07','00:00:00',29,'CO'),(3985,1.78,'2021-05-07','00:00:00',29,'SO2'),(3986,1.97,'2021-05-06','23:00:00',29,'SO2'),(3987,35.73,'2021-05-06','23:00:00',29,'PM10'),(3988,0.31,'2021-05-06','23:00:00',29,'CO'),(3989,49.38,'2021-05-06','23:00:00',29,'NO2'),(3990,1.88,'2021-05-06','22:00:00',29,'SO2'),(3991,0.38,'2021-05-06','22:00:00',29,'CO'),(3992,28.08,'2021-05-06','22:00:00',29,'PM10'),(3993,50.37,'2021-05-06','22:00:00',29,'NO2'),(3994,17.42,'2021-05-06','21:00:00',29,'PM10'),(3995,0.29,'2021-05-06','21:00:00',29,'CO'),(3996,1.99,'2021-05-06','21:00:00',29,'SO2'),(3997,46.86,'2021-05-06','21:00:00',29,'NO2'),(3998,7.56,'2021-05-06','20:00:00',29,'PM10'),(3999,0.29,'2021-05-06','20:00:00',29,'CO'),(4000,1.99,'2021-05-06','20:00:00',29,'SO2'),(4001,53.06,'2021-05-06','20:00:00',29,'NO2'),(4002,0.25,'2021-05-06','19:00:00',29,'CO'),(4003,39.39,'2021-05-06','19:00:00',29,'NO2'),(4004,1.99,'2021-05-06','19:00:00',29,'SO2'),(4005,1.92,'2021-05-06','19:00:00',29,'PM10'),(4006,1,'2021-05-06','18:00:00',29,'PM10'),(4007,1.95,'2021-05-06','18:00:00',29,'SO2'),(4008,0.27,'2021-05-06','18:00:00',29,'CO'),(4009,37.22,'2021-05-06','18:00:00',29,'NO2'),(4010,0.23,'2021-05-06','17:00:00',29,'CO'),(4011,1.9,'2021-05-06','17:00:00',29,'SO2'),(4012,24.72,'2021-05-06','17:00:00',29,'NO2'),(4013,1,'2021-05-06','17:00:00',29,'PM10'),(4014,1.87,'2021-05-06','16:00:00',29,'SO2'),(4015,0.21,'2021-05-06','16:00:00',29,'CO'),(4016,1.12,'2021-05-06','16:00:00',29,'PM10'),(4017,25.97,'2021-05-06','16:00:00',29,'NO2'),(4018,27.61,'2021-05-06','15:00:00',29,'NO2'),(4019,1.04,'2021-05-06','15:00:00',29,'PM10'),(4020,2.24,'2021-05-06','15:00:00',29,'SO2'),(4021,0.25,'2021-05-06','15:00:00',29,'CO'),(4022,1.13,'2021-05-06','14:00:00',29,'PM10'),(4023,3.18,'2021-05-06','14:00:00',29,'SO2'),(4024,0.26,'2021-05-06','14:00:00',29,'CO'),(4025,24.76,'2021-05-06','14:00:00',29,'NO2'),(4026,10.04,'2021-05-06','13:00:00',29,'PM10'),(4027,4.32,'2021-05-06','13:00:00',29,'SO2'),(4028,0.28,'2021-05-06','13:00:00',29,'CO'),(4029,37.17,'2021-05-06','13:00:00',29,'NO2'),(4030,40.94,'2021-05-06','12:00:00',29,'NO2'),(4031,6.1,'2021-05-06','12:00:00',29,'SO2'),(4032,0.31,'2021-05-06','12:00:00',29,'CO'),(4033,17.51,'2021-05-06','12:00:00',29,'PM10'),(4034,6.21,'2021-05-06','11:00:00',29,'SO2'),(4035,0.23,'2021-05-06','11:00:00',29,'CO'),(4036,36.45,'2021-05-06','11:00:00',29,'NO2'),(4037,24.21,'2021-05-06','11:00:00',29,'PM10'),(4038,25.97,'2021-05-06','10:00:00',29,'PM10'),(4039,6.58,'2021-05-06','10:00:00',29,'SO2'),(4040,0.26,'2021-05-06','10:00:00',29,'CO'),(4041,40.17,'2021-05-06','10:00:00',29,'NO2'),(4042,48.22,'2021-05-06','09:00:00',29,'NO2'),(4043,6.25,'2021-05-06','09:00:00',29,'SO2'),(4044,0.36,'2021-05-06','09:00:00',29,'CO'),(4045,25.29,'2021-05-06','09:00:00',29,'PM10'),(4046,5.31,'2021-05-06','08:00:00',29,'SO2'),(4047,0.41,'2021-05-06','08:00:00',29,'CO'),(4048,43.81,'2021-05-06','08:00:00',29,'NO2'),(4049,19.8,'2021-05-06','08:00:00',29,'PM10'),(4050,41.79,'2021-05-06','07:00:00',29,'NO2'),(4051,4.05,'2021-05-06','07:00:00',29,'SO2'),(4052,0.34,'2021-05-06','07:00:00',29,'CO'),(4053,18.02,'2021-05-06','07:00:00',29,'PM10'),(4054,0.22,'2021-05-06','06:00:00',29,'CO'),(4055,37.64,'2021-05-06','06:00:00',29,'NO2'),(4056,15.02,'2021-05-06','06:00:00',29,'PM10'),(4057,2.51,'2021-05-06','06:00:00',29,'SO2'),(4058,2.31,'2021-05-06','05:00:00',29,'SO2'),(4059,0.21,'2021-05-06','05:00:00',29,'CO'),(4060,33.66,'2021-05-06','05:00:00',29,'NO2'),(4061,12.93,'2021-05-06','05:00:00',29,'PM10'),(4062,9.37,'2021-05-06','04:00:00',29,'PM10'),(4063,23.12,'2021-05-06','04:00:00',29,'NO2'),(4064,0.15,'2021-05-06','04:00:00',29,'CO'),(4065,2.24,'2021-05-06','04:00:00',29,'SO2'),(4066,2.04,'2021-05-06','03:00:00',29,'SO2'),(4067,0.13,'2021-05-06','03:00:00',29,'CO'),(4068,15.33,'2021-05-06','03:00:00',29,'NO2'),(4069,6.78,'2021-05-06','03:00:00',29,'PM10'),(4070,10.26,'2021-05-06','02:00:00',29,'PM10'),(4071,2.12,'2021-05-06','02:00:00',29,'SO2'),(4072,10.67,'2021-05-06','02:00:00',29,'NO2'),(4073,0.13,'2021-05-06','02:00:00',29,'CO'),(4074,10.5,'2021-05-06','01:00:00',29,'NO2'),(4075,15.3,'2021-05-06','01:00:00',29,'PM10'),(4076,2.22,'2021-05-06','01:00:00',29,'SO2'),(4077,0.14,'2021-05-06','01:00:00',29,'CO'),(4078,0.16,'2021-05-06','00:00:00',29,'CO'),(4079,24.64,'2021-05-06','00:00:00',29,'NO2'),(4080,24.79,'2021-05-06','00:00:00',29,'PM10'),(4081,2.19,'2021-05-06','00:00:00',29,'SO2'),(4082,27.55,'2021-05-05','23:00:00',29,'NO2'),(4083,0.19,'2021-05-05','23:00:00',29,'CO'),(4084,24.59,'2021-05-05','23:00:00',29,'PM10'),(4085,2.17,'2021-05-05','23:00:00',29,'SO2'),(4086,39.48,'2021-05-05','23:00:00',29,'O3'),(4087,0.2,'2021-05-05','22:00:00',29,'CO'),(4088,31.45,'2021-05-05','22:00:00',29,'NO2'),(4089,12.4,'2021-05-05','22:00:00',29,'PM10'),(4090,43.98,'2021-05-05','22:00:00',29,'O3'),(4091,2.2,'2021-05-05','22:00:00',29,'SO2'),(4092,0.21,'2021-05-05','21:00:00',29,'CO'),(4093,34.55,'2021-05-05','21:00:00',29,'NO2'),(4094,46.03,'2021-05-05','21:00:00',29,'O3'),(4095,2.25,'2021-05-05','21:00:00',29,'SO2'),(4096,9.94,'2021-05-05','21:00:00',29,'PM10'),(4097,31.19,'2021-05-05','20:00:00',29,'NO2'),(4098,53.8,'2021-05-05','20:00:00',29,'O3'),(4099,1.96,'2021-05-05','20:00:00',29,'PM10'),(4100,2.05,'2021-05-05','20:00:00',29,'SO2'),(4101,0.2,'2021-05-05','20:00:00',29,'CO'),(4102,0.2,'2021-05-05','19:00:00',29,'CO'),(4103,55.52,'2021-05-05','19:00:00',29,'O3'),(4104,29.87,'2021-05-05','19:00:00',29,'NO2'),(4105,2.1,'2021-05-05','19:00:00',29,'SO2'),(4106,1.1,'2021-05-05','19:00:00',29,'PM10'),(4107,1.58,'2021-05-05','18:00:00',29,'PM10'),(4108,21.8,'2021-05-05','18:00:00',29,'NO2'),(4109,63.1,'2021-05-05','18:00:00',29,'O3'),(4110,2.04,'2021-05-05','18:00:00',29,'SO2'),(4111,0.17,'2021-05-05','18:00:00',29,'CO'),(4112,2.18,'2021-05-05','17:00:00',29,'SO2'),(4113,63.07,'2021-05-05','17:00:00',29,'O3'),(4114,21.06,'2021-05-05','17:00:00',29,'NO2'),(4115,0.17,'2021-05-05','17:00:00',29,'CO'),(4116,2.98,'2021-05-05','17:00:00',29,'PM10'),(4117,18.61,'2021-05-05','16:00:00',29,'NO2'),(4118,64.44,'2021-05-05','16:00:00',29,'O3'),(4119,0.17,'2021-05-05','16:00:00',29,'CO'),(4120,2.1,'2021-05-05','16:00:00',29,'SO2'),(4121,2.01,'2021-05-05','16:00:00',29,'PM10'),(4122,18.42,'2021-05-05','15:00:00',29,'NO2'),(4123,65.34,'2021-05-05','15:00:00',29,'O3'),(4124,2.24,'2021-05-05','15:00:00',29,'SO2'),(4125,0.17,'2021-05-05','15:00:00',29,'CO'),(4126,1.1,'2021-05-05','15:00:00',29,'PM10'),(4127,0.18,'2021-05-05','14:00:00',29,'CO'),(4128,65.12,'2021-05-05','14:00:00',29,'O3'),(4129,17.42,'2021-05-05','14:00:00',29,'NO2'),(4130,2.22,'2021-05-05','14:00:00',29,'SO2'),(4131,9.9,'2021-05-05','14:00:00',29,'PM10'),(4132,2.41,'2021-05-05','13:00:00',29,'SO2'),(4133,16.27,'2021-05-05','13:00:00',29,'NO2'),(4134,0.18,'2021-05-05','13:00:00',29,'CO'),(4135,21.41,'2021-05-05','13:00:00',29,'PM10'),(4136,65.47,'2021-05-05','13:00:00',29,'O3'),(4137,2.25,'2021-05-05','12:00:00',29,'SO2'),(4138,0.17,'2021-05-05','12:00:00',29,'CO'),(4139,13.8,'2021-05-05','12:00:00',29,'NO2'),(4140,24.02,'2021-05-05','12:00:00',29,'PM10'),(4141,64.97,'2021-05-05','12:00:00',29,'O3'),(4142,0.17,'2021-05-05','11:00:00',29,'CO'),(4143,15.04,'2021-05-05','11:00:00',29,'NO2'),(4144,23.58,'2021-05-05','11:00:00',29,'PM10'),(4145,2.15,'2021-05-05','11:00:00',29,'SO2'),(4146,61.74,'2021-05-05','11:00:00',29,'O3'),(4147,2.52,'2021-05-05','10:00:00',29,'SO2'),(4148,0.18,'2021-05-05','10:00:00',29,'CO'),(4149,16.21,'2021-05-05','10:00:00',29,'NO2'),(4150,22.74,'2021-05-05','10:00:00',29,'PM10'),(4151,56.96,'2021-05-05','10:00:00',29,'O3'),(4152,23.65,'2021-05-05','09:00:00',29,'NO2'),(4153,2.98,'2021-05-05','09:00:00',29,'SO2'),(4154,0.21,'2021-05-05','09:00:00',29,'CO'),(4155,47.57,'2021-05-05','09:00:00',29,'O3'),(4156,20.85,'2021-05-05','09:00:00',29,'PM10'),(4157,2.95,'2021-05-05','08:00:00',29,'SO2'),(4158,0.2,'2021-05-05','08:00:00',29,'CO'),(4159,24.93,'2021-05-05','08:00:00',29,'NO2'),(4160,16.65,'2021-05-05','08:00:00',29,'PM10'),(4161,44.2,'2021-05-05','08:00:00',29,'O3'),(4162,0.19,'2021-05-05','07:00:00',29,'CO'),(4163,24,'2021-05-05','07:00:00',29,'NO2'),(4164,10.43,'2021-05-05','07:00:00',29,'PM10'),(4165,2.79,'2021-05-05','07:00:00',29,'SO2'),(4166,44,'2021-05-05','07:00:00',29,'O3'),(4167,2.47,'2021-05-05','06:00:00',29,'SO2'),(4168,0.17,'2021-05-05','06:00:00',29,'CO'),(4169,11.56,'2021-05-05','06:00:00',29,'PM10'),(4170,15.83,'2021-05-05','06:00:00',29,'NO2'),(4171,52.82,'2021-05-05','06:00:00',29,'O3'),(4172,2.43,'2021-05-05','05:00:00',29,'SO2'),(4173,7.56,'2021-05-05','05:00:00',29,'PM10'),(4174,55.14,'2021-05-05','05:00:00',29,'O3'),(4175,15.06,'2021-05-05','05:00:00',29,'NO2'),(4176,0.15,'2021-05-05','05:00:00',29,'CO'),(4177,2.54,'2021-05-05','04:00:00',29,'SO2'),(4178,0.14,'2021-05-05','04:00:00',29,'CO'),(4179,12.98,'2021-05-05','04:00:00',29,'NO2'),(4180,4.37,'2021-05-05','04:00:00',29,'PM10'),(4181,59.66,'2021-05-05','04:00:00',29,'O3'),(4182,0.14,'2021-05-05','03:00:00',29,'CO'),(4183,2.52,'2021-05-05','03:00:00',29,'SO2'),(4184,65.9,'2021-05-05','03:00:00',29,'O3'),(4185,13.57,'2021-05-05','03:00:00',29,'NO2'),(4186,7.15,'2021-05-05','03:00:00',29,'PM10'),(4187,2.65,'2021-05-05','02:00:00',29,'SO2'),(4188,0.13,'2021-05-05','02:00:00',29,'CO'),(4189,11.53,'2021-05-05','02:00:00',29,'NO2'),(4190,74.83,'2021-05-05','02:00:00',29,'O3'),(4191,22.15,'2021-05-05','02:00:00',29,'PM10'),(4192,32.36,'2021-05-05','01:00:00',29,'PM10'),(4193,11.62,'2021-05-05','01:00:00',29,'NO2'),(4194,0.1,'2021-05-05','01:00:00',29,'CO'),(4195,2.63,'2021-05-05','01:00:00',29,'SO2'),(4196,74.64,'2021-05-05','01:00:00',29,'O3'),(4197,0.1,'2021-05-05','00:00:00',29,'CO'),(4198,37.44,'2021-05-05','00:00:00',29,'PM10'),(4199,22.71,'2021-05-05','00:00:00',29,'NO2'),(4200,2.67,'2021-05-05','00:00:00',29,'SO2'),(4201,54.13,'2021-05-05','00:00:00',29,'O3'),(4202,64.47,'2021-05-04','23:00:00',29,'NO2'),(4203,32.76,'2021-05-04','23:00:00',29,'PM10'),(4204,22,'2021-05-04','23:00:00',29,'O3'),(4205,2.62,'2021-05-04','23:00:00',29,'SO2'),(4206,0.15,'2021-05-04','23:00:00',29,'CO'),(4207,97.93,'2021-05-04','22:00:00',29,'NO2'),(4208,16.95,'2021-05-04','22:00:00',29,'PM10'),(4209,6.54,'2021-05-04','22:00:00',29,'O3'),(4210,2.8,'2021-05-04','22:00:00',29,'SO2'),(4211,0.42,'2021-05-04','22:00:00',29,'CO'),(4212,1.38,'2021-05-04','21:00:00',29,'PM10'),(4213,47.08,'2021-05-04','21:00:00',29,'O3'),(4214,2.31,'2021-05-04','21:00:00',29,'SO2'),(4215,0.12,'2021-05-04','21:00:00',29,'CO'),(4216,61.76,'2021-05-04','21:00:00',29,'NO2'),(4217,33.73,'2021-05-04','20:00:00',29,'NO2'),(4218,1,'2021-05-04','20:00:00',29,'PM10'),(4219,2.03,'2021-05-04','20:00:00',29,'SO2'),(4220,79.68,'2021-05-04','20:00:00',29,'O3'),(4221,0.1,'2021-05-04','20:00:00',29,'CO'),(4222,87.59,'2021-05-04','19:00:00',29,'O3'),(4223,2.12,'2021-05-04','19:00:00',29,'SO2'),(4224,0.11,'2021-05-04','19:00:00',29,'CO'),(4225,26.8,'2021-05-04','19:00:00',29,'NO2'),(4226,1,'2021-05-04','19:00:00',29,'PM10'),(4227,27.03,'2021-05-04','18:00:00',29,'NO2'),(4228,88.1,'2021-05-04','18:00:00',29,'O3'),(4229,1,'2021-05-04','18:00:00',29,'PM10'),(4230,2.44,'2021-05-04','18:00:00',29,'SO2'),(4231,0.1,'2021-05-04','18:00:00',29,'CO'),(4232,0.1,'2021-05-04','17:00:00',29,'CO'),(4233,29,'2021-05-04','17:00:00',29,'NO2'),(4234,2.5,'2021-05-04','17:00:00',29,'SO2'),(4235,1,'2021-05-04','17:00:00',29,'PM10'),(4236,84.18,'2021-05-04','17:00:00',29,'O3'),(4237,86.02,'2021-05-04','16:00:00',29,'O3'),(4238,27.29,'2021-05-04','16:00:00',29,'NO2'),(4239,0.1,'2021-05-04','16:00:00',29,'CO'),(4240,1.02,'2021-05-04','16:00:00',29,'PM10'),(4241,2.38,'2021-05-04','16:00:00',29,'SO2'),(4242,20.81,'2021-05-04','15:00:00',29,'NO2'),(4243,2.62,'2021-05-04','15:00:00',29,'SO2'),(4244,0.1,'2021-05-04','15:00:00',29,'CO'),(4245,11.47,'2021-05-04','15:00:00',29,'PM10'),(4246,89.9,'2021-05-04','15:00:00',29,'O3'),(4247,19.74,'2021-05-04','14:00:00',29,'NO2'),(4248,23.17,'2021-05-04','14:00:00',29,'PM10'),(4249,2.63,'2021-05-04','14:00:00',29,'SO2'),(4250,0.1,'2021-05-04','14:00:00',29,'CO'),(4251,86.73,'2021-05-04','14:00:00',29,'O3'),(4252,72.55,'2021-05-04','13:00:00',29,'O3'),(4253,29.37,'2021-05-04','13:00:00',29,'PM10'),(4254,2.88,'2021-05-04','13:00:00',29,'SO2'),(4255,0.1,'2021-05-04','13:00:00',29,'CO'),(4256,19.24,'2021-05-04','13:00:00',29,'NO2'),(4257,17.97,'2021-05-04','12:00:00',29,'NO2'),(4258,26.12,'2021-05-04','12:00:00',29,'PM10'),(4259,2.83,'2021-05-04','12:00:00',29,'SO2'),(4260,0.1,'2021-05-04','12:00:00',29,'CO'),(4261,60.86,'2021-05-04','12:00:00',29,'O3'),(4262,48.44,'2021-05-04','11:00:00',29,'O3'),(4263,0.11,'2021-05-04','11:00:00',29,'CO'),(4264,24.79,'2021-05-04','11:00:00',29,'PM10'),(4265,2.85,'2021-05-04','11:00:00',29,'SO2'),(4266,24.3,'2021-05-04','11:00:00',29,'NO2'),(4267,0.11,'2021-05-04','10:00:00',29,'CO'),(4268,31.94,'2021-05-04','10:00:00',29,'O3'),(4269,3.24,'2021-05-04','10:00:00',29,'SO2'),(4270,37.05,'2021-05-04','10:00:00',29,'NO2'),(4271,25.07,'2021-05-04','10:00:00',29,'PM10'),(4272,0.2,'2021-05-04','09:00:00',29,'CO'),(4273,21.81,'2021-05-04','09:00:00',29,'PM10'),(4274,13.82,'2021-05-04','09:00:00',29,'O3'),(4275,4.45,'2021-05-04','09:00:00',29,'SO2'),(4276,71.74,'2021-05-04','09:00:00',29,'NO2'),(4277,3.69,'2021-05-04','08:00:00',29,'SO2'),(4278,0.25,'2021-05-04','08:00:00',29,'CO'),(4279,55.53,'2021-05-04','08:00:00',29,'NO2'),(4280,12.51,'2021-05-04','08:00:00',29,'PM10'),(4281,10.03,'2021-05-04','08:00:00',29,'O3'),(4282,2.93,'2021-05-04','07:00:00',29,'PM10'),(4283,3.16,'2021-05-04','07:00:00',29,'SO2'),(4284,14.01,'2021-05-04','07:00:00',29,'O3'),(4285,0.18,'2021-05-04','07:00:00',29,'CO'),(4286,45.86,'2021-05-04','07:00:00',29,'NO2'),(4287,2.19,'2021-05-04','06:00:00',29,'SO2'),(4288,0.13,'2021-05-04','06:00:00',29,'CO'),(4289,29.43,'2021-05-04','06:00:00',29,'NO2'),(4290,1,'2021-05-04','06:00:00',29,'PM10'),(4291,27.67,'2021-05-04','06:00:00',29,'O3'),(4292,2.32,'2021-05-04','05:00:00',29,'SO2'),(4293,41.41,'2021-05-04','05:00:00',29,'O3'),(4294,0.11,'2021-05-04','05:00:00',29,'CO'),(4295,21.15,'2021-05-04','05:00:00',29,'NO2'),(4296,1,'2021-05-04','05:00:00',29,'PM10'),(4297,0.11,'2021-05-04','04:00:00',29,'CO'),(4298,2.22,'2021-05-04','04:00:00',29,'SO2'),(4299,15.69,'2021-05-04','04:00:00',29,'NO2'),(4300,5.49,'2021-05-04','04:00:00',29,'PM10'),(4301,53.36,'2021-05-04','04:00:00',29,'O3'),(4302,2.83,'2021-05-04','03:00:00',29,'SO2'),(4303,0.21,'2021-05-04','03:00:00',29,'CO'),(4304,17.41,'2021-05-04','03:00:00',29,'PM10'),(4305,16.55,'2021-05-04','03:00:00',29,'NO2'),(4306,38.29,'2021-05-04','03:00:00',29,'O3'),(4307,29.07,'2021-05-04','02:00:00',29,'PM10'),(4308,28.57,'2021-05-04','02:00:00',29,'O3'),(4309,0.21,'2021-05-04','02:00:00',29,'CO'),(4310,18.17,'2021-05-04','02:00:00',29,'NO2'),(4311,3.13,'2021-05-04','02:00:00',29,'SO2'),(4312,38.08,'2021-05-04','01:00:00',29,'O3'),(4313,0.21,'2021-05-04','01:00:00',29,'CO'),(4314,2.25,'2021-05-04','01:00:00',29,'SO2'),(4315,39.18,'2021-05-04','01:00:00',29,'PM10'),(4316,15.43,'2021-05-04','01:00:00',29,'NO2'),(4317,30.36,'2021-05-04','00:00:00',29,'O3'),(4318,2.98,'2021-05-04','00:00:00',29,'SO2'),(4319,27.05,'2021-05-04','00:00:00',29,'NO2'),(4320,0.27,'2021-05-04','00:00:00',29,'CO'),(4321,45.52,'2021-05-04','00:00:00',29,'PM10'),(4322,32.39,'2021-05-03','23:00:00',29,'NO2'),(4323,42.55,'2021-05-03','23:00:00',29,'PM10'),(4324,32.73,'2021-05-03','23:00:00',29,'O3'),(4325,2.18,'2021-05-03','23:00:00',29,'SO2'),(4326,0.27,'2021-05-03','23:00:00',29,'CO'),(4327,0.27,'2021-05-03','22:00:00',29,'CO'),(4328,29.33,'2021-05-03','22:00:00',29,'NO2'),(4329,40.36,'2021-05-03','22:00:00',29,'O3'),(4330,2.15,'2021-05-03','22:00:00',29,'SO2'),(4331,30.01,'2021-05-03','22:00:00',29,'PM10'),(4332,0.29,'2021-05-03','21:00:00',29,'CO'),(4333,49.78,'2021-05-03','21:00:00',29,'O3'),(4334,12.16,'2021-05-03','21:00:00',29,'PM10'),(4335,2.84,'2021-05-03','21:00:00',29,'SO2'),(4336,28.6,'2021-05-03','21:00:00',29,'NO2'),(4337,33.05,'2021-05-03','20:00:00',29,'NO2'),(4338,62.47,'2021-05-03','20:00:00',29,'O3'),(4339,11.31,'2021-05-03','20:00:00',29,'PM10'),(4340,2.93,'2021-05-03','20:00:00',29,'SO2'),(4341,0.23,'2021-05-03','20:00:00',29,'CO'),(4342,73.91,'2021-05-03','19:00:00',29,'O3'),(4343,2.64,'2021-05-03','19:00:00',29,'SO2'),(4344,0.2,'2021-05-03','19:00:00',29,'CO'),(4345,22.14,'2021-05-03','19:00:00',29,'NO2'),(4346,11.37,'2021-05-03','19:00:00',29,'PM10'),(4347,65.26,'2021-05-03','18:00:00',29,'O3'),(4348,0.25,'2021-05-03','18:00:00',29,'CO'),(4349,30.25,'2021-05-03','18:00:00',29,'NO2'),(4350,2.77,'2021-05-03','18:00:00',29,'SO2'),(4351,6.92,'2021-05-03','18:00:00',29,'PM10'),(4352,0.24,'2021-05-03','17:00:00',29,'CO'),(4353,23.37,'2021-05-03','17:00:00',29,'NO2'),(4354,68.92,'2021-05-03','17:00:00',29,'O3'),(4355,8.57,'2021-05-03','17:00:00',29,'PM10'),(4356,2.86,'2021-05-03','17:00:00',29,'SO2'),(4357,9.38,'2021-05-03','16:00:00',29,'PM10'),(4358,67.63,'2021-05-03','16:00:00',29,'O3'),(4359,2.74,'2021-05-03','16:00:00',29,'SO2'),(4360,0.23,'2021-05-03','16:00:00',29,'CO'),(4361,27.71,'2021-05-03','16:00:00',29,'NO2'),(4362,0.23,'2021-05-03','15:00:00',29,'CO'),(4363,26.68,'2021-05-03','15:00:00',29,'NO2'),(4364,16.64,'2021-05-03','15:00:00',29,'PM10'),(4365,67.85,'2021-05-03','15:00:00',29,'O3'),(4366,2.71,'2021-05-03','15:00:00',29,'SO2'),(4367,22.4,'2021-05-03','14:00:00',29,'PM10'),(4368,0.2,'2021-05-03','14:00:00',29,'CO'),(4369,2.66,'2021-05-03','14:00:00',29,'SO2'),(4370,20.16,'2021-05-03','14:00:00',29,'NO2'),(4371,71.79,'2021-05-03','14:00:00',29,'O3'),(4372,3.58,'2021-05-03','13:00:00',29,'SO2'),(4373,28.64,'2021-05-03','13:00:00',29,'NO2'),(4374,0.33,'2021-05-03','13:00:00',29,'CO'),(4375,25.08,'2021-05-03','13:00:00',29,'PM10'),(4376,65.88,'2021-05-03','13:00:00',29,'O3'),(4377,33.17,'2021-05-03','12:00:00',29,'NO2'),(4378,58.88,'2021-05-03','12:00:00',29,'O3'),(4379,3.36,'2021-05-03','12:00:00',29,'SO2'),(4380,0.27,'2021-05-03','12:00:00',29,'CO'),(4381,27.95,'2021-05-03','12:00:00',29,'PM10'),(4382,27.54,'2021-05-03','11:00:00',29,'PM10'),(4383,3.18,'2021-05-03','11:00:00',29,'SO2'),(4384,0.25,'2021-05-03','11:00:00',29,'CO'),(4385,26.09,'2021-05-03','11:00:00',29,'NO2'),(4386,61.21,'2021-05-03','11:00:00',29,'O3'),(4387,4.12,'2021-05-03','10:00:00',29,'SO2'),(4388,0.29,'2021-05-03','10:00:00',29,'CO'),(4389,33.17,'2021-05-03','10:00:00',29,'NO2'),(4390,27.06,'2021-05-03','10:00:00',29,'PM10'),(4391,46.39,'2021-05-03','10:00:00',29,'O3'),(4392,0.34,'2021-05-03','09:00:00',29,'CO'),(4393,29.4,'2021-05-03','09:00:00',29,'PM10'),(4394,3.42,'2021-05-03','09:00:00',29,'SO2'),(4395,47.09,'2021-05-03','09:00:00',29,'NO2'),(4396,21.74,'2021-05-03','09:00:00',29,'O3'),(4397,50.06,'2021-05-03','08:00:00',29,'NO2'),(4398,15.12,'2021-05-03','08:00:00',29,'O3'),(4399,2.66,'2021-05-03','08:00:00',29,'SO2'),(4400,0.35,'2021-05-03','08:00:00',29,'CO'),(4401,27.49,'2021-05-03','08:00:00',29,'PM10'),(4402,2.32,'2021-05-03','07:00:00',29,'SO2'),(4403,0.3,'2021-05-03','07:00:00',29,'CO'),(4404,41.57,'2021-05-03','07:00:00',29,'NO2'),(4405,20.45,'2021-05-03','07:00:00',29,'PM10'),(4406,22.07,'2021-05-03','07:00:00',29,'O3'),(4407,32.81,'2021-05-03','06:00:00',29,'O3'),(4408,2.2,'2021-05-03','06:00:00',29,'SO2'),(4409,0.24,'2021-05-03','06:00:00',29,'CO'),(4410,20.54,'2021-05-03','06:00:00',29,'PM10'),(4411,32.78,'2021-05-03','06:00:00',29,'NO2'),(4412,20.83,'2021-05-03','05:00:00',29,'PM10'),(4413,2.14,'2021-05-03','05:00:00',29,'SO2'),(4414,23.12,'2021-05-03','05:00:00',29,'NO2'),(4415,0.21,'2021-05-03','05:00:00',29,'CO'),(4416,45.71,'2021-05-03','05:00:00',29,'O3'),(4417,2.09,'2021-05-03','04:00:00',29,'SO2'),(4418,0.18,'2021-05-03','04:00:00',29,'CO'),(4419,11.89,'2021-05-03','04:00:00',29,'NO2'),(4420,26.64,'2021-05-03','04:00:00',29,'PM10'),(4421,61.91,'2021-05-03','04:00:00',29,'O3'),(4422,0.18,'2021-05-03','03:00:00',29,'CO'),(4423,2.33,'2021-05-03','03:00:00',29,'SO2'),(4424,12.86,'2021-05-03','03:00:00',29,'NO2'),(4425,26.63,'2021-05-03','03:00:00',29,'PM10'),(4426,61.62,'2021-05-03','03:00:00',29,'O3'),(4427,2.36,'2021-05-03','02:00:00',29,'SO2'),(4428,0.18,'2021-05-03','02:00:00',29,'CO'),(4429,11.89,'2021-05-03','02:00:00',29,'NO2'),(4430,60.14,'2021-05-03','02:00:00',29,'O3'),(4431,24.78,'2021-05-03','02:00:00',29,'PM10'),(4432,20.75,'2021-05-03','01:00:00',29,'PM10'),(4433,0.17,'2021-05-03','01:00:00',29,'CO'),(4434,11.58,'2021-05-03','01:00:00',29,'NO2'),(4435,2.18,'2021-05-03','01:00:00',29,'SO2'),(4436,59.3,'2021-05-03','01:00:00',29,'O3'),(4437,9.22,'2021-05-03','00:00:00',29,'PM10'),(4438,12.82,'2021-05-03','00:00:00',29,'NO2'),(4439,2.29,'2021-05-03','00:00:00',29,'SO2'),(4440,0.17,'2021-05-03','00:00:00',29,'CO'),(4441,63.5,'2021-05-03','00:00:00',29,'O3'),(4442,92.71,'2021-05-09','00:00:00',26,'O3'),(4443,0.11,'2021-05-09','00:00:00',26,'CO'),(4444,15.58,'2021-05-09','00:00:00',26,'NO2'),(4445,26.42,'2021-05-09','00:00:00',26,'SH2'),(4446,0.12,'2021-05-08','23:00:00',26,'CO'),(4447,33.07,'2021-05-08','23:00:00',26,'SH2'),(4448,14.39,'2021-05-08','23:00:00',26,'NO2'),(4449,99.66,'2021-05-08','23:00:00',26,'O3'),(4450,0.14,'2021-05-08','22:00:00',26,'CO'),(4451,29.93,'2021-05-08','22:00:00',26,'SH2'),(4452,21.2,'2021-05-08','22:00:00',26,'NO2'),(4453,93.58,'2021-05-08','22:00:00',26,'O3'),(4454,94.51,'2021-05-08','21:00:00',26,'O3'),(4455,0.13,'2021-05-08','21:00:00',26,'CO'),(4456,16.42,'2021-05-08','21:00:00',26,'NO2'),(4457,23.33,'2021-05-08','21:00:00',26,'SH2'),(4458,21.44,'2021-05-08','20:00:00',26,'SH2'),(4459,94.28,'2021-05-08','20:00:00',26,'O3'),(4460,0.14,'2021-05-08','20:00:00',26,'CO'),(4461,15.14,'2021-05-08','20:00:00',26,'NO2'),(4462,21.04,'2021-05-08','19:00:00',26,'SH2'),(4463,0.16,'2021-05-08','19:00:00',26,'CO'),(4464,18.6,'2021-05-08','19:00:00',26,'NO2'),(4465,94.12,'2021-05-08','19:00:00',26,'O3'),(4466,22.76,'2021-05-08','18:00:00',26,'SH2'),(4467,16.59,'2021-05-08','18:00:00',26,'NO2'),(4468,0.17,'2021-05-08','18:00:00',26,'CO'),(4469,97.76,'2021-05-08','18:00:00',26,'O3'),(4470,19.84,'2021-05-08','17:00:00',26,'SH2'),(4471,16.35,'2021-05-08','17:00:00',26,'NO2'),(4472,0.13,'2021-05-08','17:00:00',26,'CO'),(4473,99.02,'2021-05-08','17:00:00',26,'O3'),(4474,18.06,'2021-05-08','16:00:00',26,'NO2'),(4475,21.48,'2021-05-08','16:00:00',26,'SH2'),(4476,96.66,'2021-05-08','16:00:00',26,'O3'),(4477,0.15,'2021-05-08','16:00:00',26,'CO'),(4478,20.46,'2021-05-08','15:00:00',26,'NO2'),(4479,16.01,'2021-05-08','15:00:00',26,'SH2'),(4480,89.76,'2021-05-08','15:00:00',26,'O3'),(4481,0.17,'2021-05-08','15:00:00',26,'CO'),(4482,79.68,'2021-05-08','14:00:00',26,'O3'),(4483,0.19,'2021-05-08','14:00:00',26,'CO'),(4484,26.08,'2021-05-08','14:00:00',26,'NO2'),(4485,9.16,'2021-05-08','14:00:00',26,'SH2'),(4486,30.76,'2021-05-08','13:00:00',26,'NO2'),(4487,67.5,'2021-05-08','13:00:00',26,'O3'),(4488,0.2,'2021-05-08','13:00:00',26,'CO'),(4489,22.69,'2021-05-08','13:00:00',26,'SH2'),(4490,25.28,'2021-05-08','12:00:00',26,'SH2'),(4491,0.19,'2021-05-08','12:00:00',26,'CO'),(4492,26.39,'2021-05-08','12:00:00',26,'NO2'),(4493,61.9,'2021-05-08','12:00:00',26,'O3'),(4494,24.96,'2021-05-08','11:00:00',26,'NO2'),(4495,0.17,'2021-05-08','11:00:00',26,'CO'),(4496,57.83,'2021-05-08','11:00:00',26,'O3'),(4497,22.88,'2021-05-08','11:00:00',26,'SH2'),(4498,26.67,'2021-05-08','10:00:00',26,'SH2'),(4499,0.15,'2021-05-08','10:00:00',26,'CO'),(4500,23.98,'2021-05-08','10:00:00',26,'NO2'),(4501,53.71,'2021-05-08','10:00:00',26,'O3'),(4502,31.45,'2021-05-08','09:00:00',26,'SH2'),(4503,0.2,'2021-05-08','09:00:00',26,'CO'),(4504,20.6,'2021-05-08','09:00:00',26,'NO2'),(4505,47.58,'2021-05-08','09:00:00',26,'O3'),(4506,34.55,'2021-05-08','08:00:00',26,'O3'),(4507,0.12,'2021-05-08','08:00:00',26,'CO'),(4508,23.84,'2021-05-08','08:00:00',26,'NO2'),(4509,18.84,'2021-05-08','08:00:00',26,'SH2'),(4510,26.64,'2021-05-08','07:00:00',26,'NO2'),(4511,11.5,'2021-05-08','07:00:00',26,'SH2'),(4512,0.12,'2021-05-08','07:00:00',26,'CO'),(4513,28.92,'2021-05-08','07:00:00',26,'O3'),(4514,23.88,'2021-05-08','06:00:00',26,'NO2'),(4515,21.38,'2021-05-08','06:00:00',26,'SH2'),(4516,0.12,'2021-05-08','06:00:00',26,'CO'),(4517,34.28,'2021-05-08','06:00:00',26,'O3'),(4518,23.05,'2021-05-08','05:00:00',26,'NO2'),(4519,0.1,'2021-05-08','05:00:00',26,'CO'),(4520,43.03,'2021-05-08','05:00:00',26,'O3'),(4521,17.72,'2021-05-08','05:00:00',26,'SH2'),(4522,0.1,'2021-05-08','04:00:00',26,'CO'),(4523,18.52,'2021-05-08','04:00:00',26,'NO2'),(4524,17.98,'2021-05-08','04:00:00',26,'SH2'),(4525,45.88,'2021-05-08','04:00:00',26,'O3'),(4526,19.22,'2021-05-08','03:00:00',26,'NO2'),(4527,43.18,'2021-05-08','03:00:00',26,'O3'),(4528,17.59,'2021-05-08','03:00:00',26,'SH2'),(4529,0.12,'2021-05-08','03:00:00',26,'CO'),(4530,27.06,'2021-05-08','02:00:00',26,'SH2'),(4531,25.18,'2021-05-08','02:00:00',26,'O3'),(4532,31.28,'2021-05-08','02:00:00',26,'NO2'),(4533,0.17,'2021-05-08','02:00:00',26,'CO'),(4534,22.62,'2021-05-08','01:00:00',26,'O3'),(4535,0.2,'2021-05-08','01:00:00',26,'CO'),(4536,43.66,'2021-05-08','01:00:00',26,'NO2'),(4537,7.38,'2021-05-08','01:00:00',26,'SH2'),(4538,47.89,'2021-05-08','00:00:00',26,'NO2'),(4539,23.26,'2021-05-08','00:00:00',26,'O3'),(4540,0.2,'2021-05-08','00:00:00',26,'CO'),(4541,19.54,'2021-05-08','00:00:00',26,'SH2'),(4542,70.2,'2021-05-07','23:00:00',26,'NO2'),(4543,21.2,'2021-05-07','23:00:00',26,'O3'),(4544,4.94,'2021-05-07','23:00:00',26,'SH2'),(4545,0.27,'2021-05-07','23:00:00',26,'CO'),(4546,27.55,'2021-05-07','22:00:00',26,'O3'),(4547,6.34,'2021-05-07','22:00:00',26,'SH2'),(4548,0.36,'2021-05-07','22:00:00',26,'CO'),(4549,74.24,'2021-05-07','22:00:00',26,'NO2'),(4550,49.97,'2021-05-07','21:00:00',26,'O3'),(4551,0.31,'2021-05-07','21:00:00',26,'CO'),(4552,56.06,'2021-05-07','21:00:00',26,'NO2'),(4553,2.52,'2021-05-07','21:00:00',26,'SH2'),(4554,1.66,'2021-05-07','20:00:00',26,'SH2'),(4555,19.06,'2021-05-07','20:00:00',26,'NO2'),(4556,0.3,'2021-05-07','20:00:00',26,'CO'),(4557,89.76,'2021-05-07','20:00:00',26,'O3'),(4558,89.77,'2021-05-07','19:00:00',26,'O3'),(4559,1.55,'2021-05-07','19:00:00',26,'SH2'),(4560,0.2,'2021-05-07','19:00:00',26,'CO'),(4561,13.66,'2021-05-07','19:00:00',26,'NO2'),(4562,0.19,'2021-05-07','18:00:00',26,'CO'),(4563,17.98,'2021-05-07','18:00:00',26,'NO2'),(4564,88.34,'2021-05-07','18:00:00',26,'O3'),(4565,1.54,'2021-05-07','18:00:00',26,'SH2'),(4566,0.21,'2021-05-07','17:00:00',26,'CO'),(4567,15.03,'2021-05-07','17:00:00',26,'NO2'),(4568,89.11,'2021-05-07','17:00:00',26,'O3'),(4569,1.61,'2021-05-07','17:00:00',26,'SH2'),(4570,83.5,'2021-05-07','16:00:00',26,'O3'),(4571,1.48,'2021-05-07','16:00:00',26,'SH2'),(4572,0.23,'2021-05-07','16:00:00',26,'CO'),(4573,20.16,'2021-05-07','16:00:00',26,'NO2'),(4574,14.56,'2021-05-07','15:00:00',26,'NO2'),(4575,1.6,'2021-05-07','15:00:00',26,'SH2'),(4576,81.16,'2021-05-07','15:00:00',26,'O3'),(4577,0.21,'2021-05-07','15:00:00',26,'CO'),(4578,79.32,'2021-05-07','14:00:00',26,'O3'),(4579,0.21,'2021-05-07','14:00:00',26,'CO'),(4580,11.92,'2021-05-07','14:00:00',26,'NO2'),(4581,1.56,'2021-05-07','14:00:00',26,'SH2'),(4582,11.13,'2021-05-07','13:00:00',26,'NO2'),(4583,77.71,'2021-05-07','13:00:00',26,'O3'),(4584,0.2,'2021-05-07','13:00:00',26,'CO'),(4585,1.63,'2021-05-07','13:00:00',26,'SH2'),(4586,11.77,'2021-05-07','12:00:00',26,'NO2'),(4587,72.38,'2021-05-07','12:00:00',26,'O3'),(4588,0.2,'2021-05-07','12:00:00',26,'CO'),(4589,1.78,'2021-05-07','12:00:00',26,'SH2'),(4590,14.55,'2021-05-07','11:00:00',26,'NO2'),(4591,1.69,'2021-05-07','11:00:00',26,'SH2'),(4592,0.19,'2021-05-07','11:00:00',26,'CO'),(4593,63.46,'2021-05-07','11:00:00',26,'O3'),(4594,48.22,'2021-05-07','10:00:00',26,'O3'),(4595,0.2,'2021-05-07','10:00:00',26,'CO'),(4596,19.77,'2021-05-07','10:00:00',26,'NO2'),(4597,1.92,'2021-05-07','10:00:00',26,'SH2'),(4598,2,'2021-05-07','09:00:00',26,'SH2'),(4599,0.21,'2021-05-07','09:00:00',26,'CO'),(4600,25.91,'2021-05-07','09:00:00',26,'NO2'),(4601,34.3,'2021-05-07','09:00:00',26,'O3'),(4602,35.95,'2021-05-07','08:00:00',26,'NO2'),(4603,0.24,'2021-05-07','08:00:00',26,'CO'),(4604,25.37,'2021-05-07','08:00:00',26,'O3'),(4605,2.07,'2021-05-07','08:00:00',26,'SH2'),(4606,0.23,'2021-05-07','07:00:00',26,'CO'),(4607,2.01,'2021-05-07','07:00:00',26,'SH2'),(4608,39.38,'2021-05-07','07:00:00',26,'NO2'),(4609,22.08,'2021-05-07','07:00:00',26,'O3'),(4610,20.63,'2021-05-07','06:00:00',26,'NO2'),(4611,37.72,'2021-05-07','06:00:00',26,'O3'),(4612,1.86,'2021-05-07','06:00:00',26,'SH2'),(4613,0.19,'2021-05-07','06:00:00',26,'CO'),(4614,16.9,'2021-05-07','05:00:00',26,'NO2'),(4615,0.17,'2021-05-07','05:00:00',26,'CO'),(4616,1.94,'2021-05-07','05:00:00',26,'SH2'),(4617,40.08,'2021-05-07','05:00:00',26,'O3'),(4618,2.03,'2021-05-07','04:00:00',26,'SH2'),(4619,0.16,'2021-05-07','04:00:00',26,'CO'),(4620,16.97,'2021-05-07','04:00:00',26,'NO2'),(4621,39.54,'2021-05-07','04:00:00',26,'O3'),(4622,45.53,'2021-05-07','03:00:00',26,'O3'),(4623,14.07,'2021-05-07','03:00:00',26,'NO2'),(4624,2.14,'2021-05-07','03:00:00',26,'SH2'),(4625,0.16,'2021-05-07','03:00:00',26,'CO'),(4626,47.89,'2021-05-07','02:00:00',26,'O3'),(4627,0.17,'2021-05-07','02:00:00',26,'CO'),(4628,16.57,'2021-05-07','02:00:00',26,'NO2'),(4629,2.25,'2021-05-07','02:00:00',26,'SH2'),(4630,18.67,'2021-05-07','01:00:00',26,'NO2'),(4631,0.17,'2021-05-07','01:00:00',26,'CO'),(4632,48.14,'2021-05-07','01:00:00',26,'O3'),(4633,2.23,'2021-05-07','01:00:00',26,'SH2'),(4634,40.92,'2021-05-07','00:00:00',26,'O3'),(4635,35.64,'2021-05-07','00:00:00',26,'NO2'),(4636,0.21,'2021-05-07','00:00:00',26,'CO'),(4637,1.92,'2021-05-07','00:00:00',26,'SH2'),(4638,31.33,'2021-05-06','23:00:00',26,'O3'),(4639,58.69,'2021-05-06','23:00:00',26,'NO2'),(4640,0.26,'2021-05-06','23:00:00',26,'CO'),(4641,1.95,'2021-05-06','23:00:00',26,'SH2'),(4642,0.23,'2021-05-06','22:00:00',26,'CO'),(4643,43.47,'2021-05-06','22:00:00',26,'NO2'),(4644,51.47,'2021-05-06','22:00:00',26,'O3'),(4645,1.94,'2021-05-06','22:00:00',26,'SH2'),(4646,1.84,'2021-05-06','21:00:00',26,'SH2'),(4647,56.22,'2021-05-06','21:00:00',26,'NO2'),(4648,49.88,'2021-05-06','21:00:00',26,'O3'),(4649,0.25,'2021-05-06','21:00:00',26,'CO'),(4650,1.73,'2021-05-06','20:00:00',26,'SH2'),(4651,47.86,'2021-05-06','20:00:00',26,'NO2'),(4652,64.89,'2021-05-06','20:00:00',26,'O3'),(4653,0.25,'2021-05-06','20:00:00',26,'CO'),(4654,93.75,'2021-05-06','19:00:00',26,'O3'),(4655,16.89,'2021-05-06','19:00:00',26,'NO2'),(4656,1.58,'2021-05-06','19:00:00',26,'SH2'),(4657,0.19,'2021-05-06','19:00:00',26,'CO'),(4658,1.63,'2021-05-06','18:00:00',26,'SH2'),(4659,23.3,'2021-05-06','18:00:00',26,'NO2'),(4660,0.21,'2021-05-06','18:00:00',26,'CO'),(4661,90,'2021-05-06','18:00:00',26,'O3'),(4662,91.43,'2021-05-06','17:00:00',26,'O3'),(4663,1.71,'2021-05-06','17:00:00',26,'SH2'),(4664,0.2,'2021-05-06','17:00:00',26,'CO'),(4665,22.53,'2021-05-06','17:00:00',26,'NO2'),(4666,20.9,'2021-05-06','16:00:00',26,'NO2'),(4667,0.2,'2021-05-06','16:00:00',26,'CO'),(4668,92.39,'2021-05-06','16:00:00',26,'O3'),(4669,1.75,'2021-05-06','16:00:00',26,'SH2'),(4670,0.2,'2021-05-06','15:00:00',26,'CO'),(4671,93.96,'2021-05-06','15:00:00',26,'O3'),(4672,16.11,'2021-05-06','15:00:00',26,'NO2'),(4673,1.71,'2021-05-06','15:00:00',26,'SH2'),(4674,89.09,'2021-05-06','14:00:00',26,'O3'),(4675,0.22,'2021-05-06','14:00:00',26,'CO'),(4676,16.91,'2021-05-06','14:00:00',26,'NO2'),(4677,1.82,'2021-05-06','14:00:00',26,'SH2'),(4678,71.35,'2021-05-06','13:00:00',26,'O3'),(4679,0.24,'2021-05-06','13:00:00',26,'CO'),(4680,33.13,'2021-05-06','13:00:00',26,'NO2'),(4681,5.96,'2021-05-06','13:00:00',26,'SH2'),(4682,0.22,'2021-05-06','12:00:00',26,'CO'),(4683,54.86,'2021-05-06','12:00:00',26,'O3'),(4684,13.56,'2021-05-06','12:00:00',26,'SH2'),(4685,40.59,'2021-05-06','12:00:00',26,'NO2'),(4686,21.91,'2021-05-06','11:00:00',26,'SH2'),(4687,45.74,'2021-05-06','11:00:00',26,'NO2'),(4688,0.22,'2021-05-06','11:00:00',26,'CO'),(4689,38.55,'2021-05-06','11:00:00',26,'O3'),(4690,0.23,'2021-05-06','10:00:00',26,'CO'),(4691,25.22,'2021-05-06','10:00:00',26,'O3'),(4692,13.48,'2021-05-06','10:00:00',26,'SH2'),(4693,45.95,'2021-05-06','10:00:00',26,'NO2'),(4694,4.27,'2021-05-06','09:00:00',26,'SH2'),(4695,0.32,'2021-05-06','09:00:00',26,'CO'),(4696,49.49,'2021-05-06','09:00:00',26,'NO2'),(4697,13.42,'2021-05-06','09:00:00',26,'O3'),(4698,52,'2021-05-06','08:00:00',26,'NO2'),(4699,0.38,'2021-05-06','08:00:00',26,'CO'),(4700,4.59,'2021-05-06','08:00:00',26,'SH2'),(4701,6.48,'2021-05-06','08:00:00',26,'O3'),(4702,49.42,'2021-05-06','07:00:00',26,'NO2'),(4703,5.03,'2021-05-06','07:00:00',26,'SH2'),(4704,4.01,'2021-05-06','07:00:00',26,'O3'),(4705,0.22,'2021-05-06','07:00:00',26,'CO'),(4706,6.44,'2021-05-06','06:00:00',26,'O3'),(4707,3.46,'2021-05-06','06:00:00',26,'SH2'),(4708,45.87,'2021-05-06','06:00:00',26,'NO2'),(4709,0.22,'2021-05-06','06:00:00',26,'CO'),(4710,0.19,'2021-05-06','05:00:00',26,'CO'),(4711,36.69,'2021-05-06','05:00:00',26,'NO2'),(4712,2.35,'2021-05-06','05:00:00',26,'SH2'),(4713,21.36,'2021-05-06','05:00:00',26,'O3'),(4714,0.16,'2021-05-06','04:00:00',26,'CO'),(4715,20.46,'2021-05-06','04:00:00',26,'NO2'),(4716,35.86,'2021-05-06','04:00:00',26,'O3'),(4717,2.37,'2021-05-06','04:00:00',26,'SH2'),(4718,2.3,'2021-05-06','03:00:00',26,'SH2'),(4719,38.76,'2021-05-06','03:00:00',26,'O3'),(4720,17.31,'2021-05-06','03:00:00',26,'NO2'),(4721,0.16,'2021-05-06','03:00:00',26,'CO'),(4722,0.16,'2021-05-06','02:00:00',26,'CO'),(4723,15.45,'2021-05-06','02:00:00',26,'NO2'),(4724,42.71,'2021-05-06','02:00:00',26,'O3'),(4725,2,'2021-05-06','02:00:00',26,'SH2'),(4726,1.83,'2021-05-06','01:00:00',26,'SH2'),(4727,0.18,'2021-05-06','01:00:00',26,'CO'),(4728,19.68,'2021-05-06','01:00:00',26,'NO2'),(4729,40,'2021-05-06','01:00:00',26,'O3'),(4730,49.51,'2021-05-06','00:00:00',26,'O3'),(4731,0.17,'2021-05-06','00:00:00',26,'CO'),(4732,1.84,'2021-05-06','00:00:00',26,'SH2'),(4733,17.97,'2021-05-06','00:00:00',26,'NO2'),(4734,1.69,'2021-05-05','23:00:00',26,'SH2'),(4735,0.17,'2021-05-05','23:00:00',26,'CO'),(4736,57.5,'2021-05-05','23:00:00',26,'O3'),(4737,21.17,'2021-05-05','23:00:00',26,'NO2'),(4738,0.17,'2021-05-05','22:00:00',26,'CO'),(4739,1.49,'2021-05-05','22:00:00',26,'SH2'),(4740,17.66,'2021-05-05','22:00:00',26,'NO2'),(4741,66.71,'2021-05-05','22:00:00',26,'O3'),(4742,0.17,'2021-05-05','21:00:00',26,'CO'),(4743,19.65,'2021-05-05','21:00:00',26,'NO2'),(4744,1.68,'2021-05-05','21:00:00',26,'SH2'),(4745,71.56,'2021-05-05','21:00:00',26,'O3'),(4746,14.66,'2021-05-05','20:00:00',26,'NO2'),(4747,80.61,'2021-05-05','20:00:00',26,'O3'),(4748,1.62,'2021-05-05','20:00:00',26,'SH2'),(4749,0.16,'2021-05-05','20:00:00',26,'CO'),(4750,74.82,'2021-05-05','19:00:00',26,'O3'),(4751,18.98,'2021-05-05','19:00:00',26,'NO2'),(4752,1.57,'2021-05-05','19:00:00',26,'SH2'),(4753,0.18,'2021-05-05','19:00:00',26,'CO'),(4754,78.48,'2021-05-05','18:00:00',26,'O3'),(4755,0.16,'2021-05-05','18:00:00',26,'CO'),(4756,12.85,'2021-05-05','18:00:00',26,'NO2'),(4757,1.6,'2021-05-05','18:00:00',26,'SH2'),(4758,74.34,'2021-05-05','17:00:00',26,'O3'),(4759,18.28,'2021-05-05','17:00:00',26,'NO2'),(4760,1.67,'2021-05-05','17:00:00',26,'SH2'),(4761,0.17,'2021-05-05','17:00:00',26,'CO'),(4762,77.29,'2021-05-05','16:00:00',26,'O3'),(4763,1.59,'2021-05-05','16:00:00',26,'SH2'),(4764,0.17,'2021-05-05','16:00:00',26,'CO'),(4765,12.61,'2021-05-05','16:00:00',26,'NO2'),(4766,1.57,'2021-05-05','15:00:00',26,'SH2'),(4767,78.52,'2021-05-05','15:00:00',26,'O3'),(4768,0.18,'2021-05-05','15:00:00',26,'CO'),(4769,10.16,'2021-05-05','15:00:00',26,'NO2'),(4770,1.6,'2021-05-05','14:00:00',26,'SH2'),(4771,0.18,'2021-05-05','14:00:00',26,'CO'),(4772,17.09,'2021-05-05','14:00:00',26,'NO2'),(4773,74.53,'2021-05-05','14:00:00',26,'O3'),(4774,1.54,'2021-05-05','13:00:00',26,'SH2'),(4775,0.17,'2021-05-05','13:00:00',26,'CO'),(4776,17.12,'2021-05-05','13:00:00',26,'NO2'),(4777,73.58,'2021-05-05','13:00:00',26,'O3'),(4778,0.19,'2021-05-05','12:00:00',26,'CO'),(4779,19,'2021-05-05','12:00:00',26,'NO2'),(4780,70.28,'2021-05-05','12:00:00',26,'O3'),(4781,1.65,'2021-05-05','12:00:00',26,'SH2'),(4782,1.57,'2021-05-05','11:00:00',26,'SH2'),(4783,13.26,'2021-05-05','11:00:00',26,'NO2'),(4784,0.18,'2021-05-05','11:00:00',26,'CO'),(4785,73.26,'2021-05-05','11:00:00',26,'O3'),(4786,1.72,'2021-05-05','10:00:00',26,'SH2'),(4787,17.15,'2021-05-05','10:00:00',26,'NO2'),(4788,0.13,'2021-05-05','10:00:00',26,'CO'),(4789,66.05,'2021-05-05','10:00:00',26,'O3'),(4790,1.7,'2021-05-05','09:00:00',26,'SH2'),(4791,0.15,'2021-05-05','09:00:00',26,'CO'),(4792,24.85,'2021-05-05','09:00:00',26,'NO2'),(4793,51.94,'2021-05-05','09:00:00',26,'O3'),(4794,42.85,'2021-05-05','08:00:00',26,'O3'),(4795,1.78,'2021-05-05','08:00:00',26,'SH2'),(4796,0.15,'2021-05-05','08:00:00',26,'CO'),(4797,32.74,'2021-05-05','08:00:00',26,'NO2'),(4798,0.15,'2021-05-05','07:00:00',26,'CO'),(4799,27.9,'2021-05-05','07:00:00',26,'NO2'),(4800,49.19,'2021-05-05','07:00:00',26,'O3'),(4801,1.67,'2021-05-05','07:00:00',26,'SH2'),(4802,17.86,'2021-05-05','06:00:00',26,'NO2'),(4803,0.13,'2021-05-05','06:00:00',26,'CO'),(4804,1.82,'2021-05-05','06:00:00',26,'SH2'),(4805,58.76,'2021-05-05','06:00:00',26,'O3'),(4806,0.13,'2021-05-05','05:00:00',26,'CO'),(4807,16.44,'2021-05-05','05:00:00',26,'NO2'),(4808,1.75,'2021-05-05','05:00:00',26,'SH2'),(4809,61.59,'2021-05-05','05:00:00',26,'O3'),(4810,0.13,'2021-05-05','04:00:00',26,'CO'),(4811,14.67,'2021-05-05','04:00:00',26,'NO2'),(4812,67.48,'2021-05-05','04:00:00',26,'O3'),(4813,1.8,'2021-05-05','04:00:00',26,'SH2'),(4814,0.12,'2021-05-05','03:00:00',26,'CO'),(4815,14.47,'2021-05-05','03:00:00',26,'NO2'),(4816,72.59,'2021-05-05','03:00:00',26,'O3'),(4817,1.9,'2021-05-05','03:00:00',26,'SH2'),(4818,0.13,'2021-05-05','02:00:00',26,'CO'),(4819,80.08,'2021-05-05','02:00:00',26,'O3'),(4820,1.91,'2021-05-05','02:00:00',26,'SH2'),(4821,13.63,'2021-05-05','02:00:00',26,'NO2'),(4822,75.41,'2021-05-05','01:00:00',26,'O3'),(4823,0.13,'2021-05-05','01:00:00',26,'CO'),(4824,1.98,'2021-05-05','01:00:00',26,'SH2'),(4825,15.72,'2021-05-05','01:00:00',26,'NO2'),(4826,1.9,'2021-05-05','00:00:00',26,'SH2'),(4827,52.93,'2021-05-05','00:00:00',26,'O3'),(4828,42.27,'2021-05-05','00:00:00',26,'NO2'),(4829,0.15,'2021-05-05','00:00:00',26,'CO'),(4830,1.93,'2021-05-04','23:00:00',26,'SH2'),(4831,0.32,'2021-05-04','23:00:00',26,'CO'),(4832,107.3,'2021-05-04','23:00:00',26,'NO2'),(4833,15.06,'2021-05-04','23:00:00',26,'O3'),(4834,1.83,'2021-05-04','22:00:00',26,'SH2'),(4835,0.3,'2021-05-04','22:00:00',26,'CO'),(4836,82.59,'2021-05-04','22:00:00',26,'NO2'),(4837,35.01,'2021-05-04','22:00:00',26,'O3'),(4838,1.54,'2021-05-04','21:00:00',26,'SH2'),(4839,0.19,'2021-05-04','21:00:00',26,'CO'),(4840,54.46,'2021-05-04','21:00:00',26,'NO2'),(4841,65.88,'2021-05-04','21:00:00',26,'O3'),(4842,103.04,'2021-05-04','20:00:00',26,'O3'),(4843,0.12,'2021-05-04','20:00:00',26,'CO'),(4844,21.87,'2021-05-04','20:00:00',26,'NO2'),(4845,1.68,'2021-05-04','20:00:00',26,'SH2'),(4846,109.07,'2021-05-04','19:00:00',26,'O3'),(4847,0.12,'2021-05-04','19:00:00',26,'CO'),(4848,18.47,'2021-05-04','19:00:00',26,'NO2'),(4849,1.63,'2021-05-04','19:00:00',26,'SH2'),(4850,0.11,'2021-05-04','18:00:00',26,'CO'),(4851,17.87,'2021-05-04','18:00:00',26,'NO2'),(4852,1.59,'2021-05-04','18:00:00',26,'SH2'),(4853,110.33,'2021-05-04','18:00:00',26,'O3'),(4854,0.11,'2021-05-04','17:00:00',26,'CO'),(4855,111.85,'2021-05-04','17:00:00',26,'O3'),(4856,14.3,'2021-05-04','17:00:00',26,'NO2'),(4857,1.71,'2021-05-04','17:00:00',26,'SH2'),(4858,13.49,'2021-05-04','16:00:00',26,'NO2'),(4859,0.12,'2021-05-04','16:00:00',26,'CO'),(4860,109.94,'2021-05-04','16:00:00',26,'O3'),(4861,1.66,'2021-05-04','16:00:00',26,'SH2'),(4862,1.78,'2021-05-04','15:00:00',26,'SH2'),(4863,0.12,'2021-05-04','15:00:00',26,'CO'),(4864,13.25,'2021-05-04','15:00:00',26,'NO2'),(4865,109.7,'2021-05-04','15:00:00',26,'O3'),(4866,12.55,'2021-05-04','14:00:00',26,'NO2'),(4867,0.12,'2021-05-04','14:00:00',26,'CO'),(4868,100.91,'2021-05-04','14:00:00',26,'O3'),(4869,1.79,'2021-05-04','14:00:00',26,'SH2'),(4870,89.64,'2021-05-04','13:00:00',26,'O3'),(4871,0.13,'2021-05-04','13:00:00',26,'CO'),(4872,13.51,'2021-05-04','13:00:00',26,'NO2'),(4873,1.81,'2021-05-04','13:00:00',26,'SH2'),(4874,73.16,'2021-05-04','12:00:00',26,'O3'),(4875,0.14,'2021-05-04','12:00:00',26,'CO'),(4876,17.65,'2021-05-04','12:00:00',26,'NO2'),(4877,2.01,'2021-05-04','12:00:00',26,'SH2'),(4878,2.39,'2021-05-04','11:00:00',26,'SH2'),(4879,0.15,'2021-05-04','11:00:00',26,'CO'),(4880,21.16,'2021-05-04','11:00:00',26,'NO2'),(4881,62.61,'2021-05-04','11:00:00',26,'O3'),(4882,8.98,'2021-05-04','10:00:00',26,'SH2'),(4883,0.19,'2021-05-04','10:00:00',26,'CO'),(4884,36.2,'2021-05-04','10:00:00',26,'NO2'),(4885,48.88,'2021-05-04','10:00:00',26,'O3'),(4886,0.28,'2021-05-04','09:00:00',26,'CO'),(4887,60.44,'2021-05-04','09:00:00',26,'NO2'),(4888,33.33,'2021-05-04','09:00:00',26,'O3'),(4889,28.63,'2021-05-04','09:00:00',26,'SH2'),(4890,71.2,'2021-05-04','08:00:00',26,'NO2'),(4891,0.25,'2021-05-04','08:00:00',26,'CO'),(4892,12.48,'2021-05-04','08:00:00',26,'O3'),(4893,14.31,'2021-05-04','08:00:00',26,'SH2'),(4894,62.65,'2021-05-04','07:00:00',26,'NO2'),(4895,0.23,'2021-05-04','07:00:00',26,'CO'),(4896,19.35,'2021-05-04','07:00:00',26,'O3'),(4897,13.31,'2021-05-04','07:00:00',26,'SH2'),(4898,42.02,'2021-05-04','06:00:00',26,'NO2'),(4899,0.19,'2021-05-04','06:00:00',26,'CO'),(4900,25.88,'2021-05-04','06:00:00',26,'O3'),(4901,3.91,'2021-05-04','06:00:00',26,'SH2'),(4902,33.82,'2021-05-04','05:00:00',26,'NO2'),(4903,0.17,'2021-05-04','05:00:00',26,'CO'),(4904,29.96,'2021-05-04','05:00:00',26,'O3'),(4905,8.59,'2021-05-04','05:00:00',26,'SH2'),(4906,10.46,'2021-05-04','04:00:00',26,'SH2'),(4907,36.4,'2021-05-04','04:00:00',26,'O3'),(4908,0.13,'2021-05-04','04:00:00',26,'CO'),(4909,32.22,'2021-05-04','04:00:00',26,'NO2'),(4910,0.16,'2021-05-04','03:00:00',26,'CO'),(4911,20.88,'2021-05-04','03:00:00',26,'NO2'),(4912,49.71,'2021-05-04','03:00:00',26,'O3'),(4913,38.04,'2021-05-04','03:00:00',26,'SH2'),(4914,0.18,'2021-05-04','02:00:00',26,'CO'),(4915,33.27,'2021-05-04','02:00:00',26,'O3'),(4916,23.56,'2021-05-04','02:00:00',26,'SH2'),(4917,24.3,'2021-05-04','02:00:00',26,'NO2'),(4918,1.96,'2021-05-04','01:00:00',26,'SH2'),(4919,44.69,'2021-05-04','01:00:00',26,'O3'),(4920,0.17,'2021-05-04','01:00:00',26,'CO'),(4921,23.83,'2021-05-04','01:00:00',26,'NO2'),(4922,10.68,'2021-05-04','00:00:00',26,'SH2'),(4923,0.2,'2021-05-04','00:00:00',26,'CO'),(4924,41.1,'2021-05-04','00:00:00',26,'NO2'),(4925,34.69,'2021-05-04','00:00:00',26,'O3'),(4926,19.02,'2021-05-03','23:00:00',26,'O3'),(4927,14.15,'2021-05-03','23:00:00',26,'SH2'),(4928,67.65,'2021-05-03','23:00:00',26,'NO2'),(4929,0.25,'2021-05-03','23:00:00',26,'CO'),(4930,29.18,'2021-05-03','22:00:00',26,'NO2'),(4931,1.78,'2021-05-03','22:00:00',26,'SH2'),(4932,57.42,'2021-05-03','22:00:00',26,'O3'),(4933,0.2,'2021-05-03','22:00:00',26,'CO'),(4934,1.9,'2021-05-03','21:00:00',26,'SH2'),(4935,68.67,'2021-05-03','21:00:00',26,'O3'),(4936,0.18,'2021-05-03','21:00:00',26,'CO'),(4937,31.71,'2021-05-03','21:00:00',26,'NO2'),(4938,53.38,'2021-05-03','20:00:00',26,'NO2'),(4939,63.69,'2021-05-03','20:00:00',26,'O3'),(4940,6.64,'2021-05-03','20:00:00',26,'SH2'),(4941,0.19,'2021-05-03','20:00:00',26,'CO'),(4942,60.36,'2021-05-03','19:00:00',26,'O3'),(4943,0.19,'2021-05-03','19:00:00',26,'CO'),(4944,59.54,'2021-05-03','19:00:00',26,'NO2'),(4945,9.53,'2021-05-03','19:00:00',26,'SH2'),(4946,0.21,'2021-05-03','18:00:00',26,'CO'),(4947,60.58,'2021-05-03','18:00:00',26,'O3'),(4948,59.73,'2021-05-03','18:00:00',26,'NO2'),(4949,21.92,'2021-05-03','18:00:00',26,'SH2'),(4950,52.7,'2021-05-03','17:00:00',26,'NO2'),(4951,61.65,'2021-05-03','17:00:00',26,'O3'),(4952,33.75,'2021-05-03','17:00:00',26,'SH2'),(4953,0.19,'2021-05-03','17:00:00',26,'CO'),(4954,64.77,'2021-05-03','16:00:00',26,'O3'),(4955,26.95,'2021-05-03','16:00:00',26,'SH2'),(4956,0.19,'2021-05-03','16:00:00',26,'CO'),(4957,51.3,'2021-05-03','16:00:00',26,'NO2'),(4958,40.33,'2021-05-03','15:00:00',26,'NO2'),(4959,0.18,'2021-05-03','15:00:00',26,'CO'),(4960,71.67,'2021-05-03','15:00:00',26,'O3'),(4961,17.74,'2021-05-03','15:00:00',26,'SH2'),(4962,16.07,'2021-05-03','14:00:00',26,'SH2'),(4963,36.43,'2021-05-03','14:00:00',26,'NO2'),(4964,75.58,'2021-05-03','14:00:00',26,'O3'),(4965,0.19,'2021-05-03','14:00:00',26,'CO'),(4966,15.47,'2021-05-03','13:00:00',26,'SH2'),(4967,0.19,'2021-05-03','13:00:00',26,'CO'),(4968,37.85,'2021-05-03','13:00:00',26,'NO2'),(4969,74.4,'2021-05-03','13:00:00',26,'O3'),(4970,68.65,'2021-05-03','12:00:00',26,'O3'),(4971,39.17,'2021-05-03','12:00:00',26,'NO2'),(4972,17.9,'2021-05-03','12:00:00',26,'SH2'),(4973,0.24,'2021-05-03','12:00:00',26,'CO'),(4974,36.71,'2021-05-03','11:00:00',26,'NO2'),(4975,68,'2021-05-03','11:00:00',26,'O3'),(4976,0.18,'2021-05-03','11:00:00',26,'CO'),(4977,19.39,'2021-05-03','11:00:00',26,'SH2'),(4978,15.18,'2021-05-03','10:00:00',26,'SH2'),(4979,46.49,'2021-05-03','10:00:00',26,'NO2'),(4980,0.2,'2021-05-03','10:00:00',26,'CO'),(4981,51.11,'2021-05-03','10:00:00',26,'O3'),(4982,61.24,'2021-05-03','09:00:00',26,'NO2'),(4983,23.36,'2021-05-03','09:00:00',26,'O3'),(4984,34.73,'2021-05-03','09:00:00',26,'SH2'),(4985,0.29,'2021-05-03','09:00:00',26,'CO'),(4986,0.3,'2021-05-03','08:00:00',26,'CO'),(4987,74.23,'2021-05-03','08:00:00',26,'NO2'),(4988,12.09,'2021-05-03','08:00:00',26,'O3'),(4989,39.6,'2021-05-03','08:00:00',26,'SH2'),(4990,61.92,'2021-05-03','07:00:00',26,'SH2'),(4991,6.72,'2021-05-03','07:00:00',26,'O3'),(4992,0.31,'2021-05-03','07:00:00',26,'CO'),(4993,77.12,'2021-05-03','07:00:00',26,'NO2'),(4994,26,'2021-05-03','06:00:00',26,'O3'),(4995,8.79,'2021-05-03','06:00:00',26,'SH2'),(4996,0.23,'2021-05-03','06:00:00',26,'CO'),(4997,55.31,'2021-05-03','06:00:00',26,'NO2'),(4998,0.19,'2021-05-03','05:00:00',26,'CO'),(4999,34.46,'2021-05-03','05:00:00',26,'O3'),(5000,16.09,'2021-05-03','05:00:00',26,'SH2'),(5001,38.43,'2021-05-03','05:00:00',26,'NO2'),(5002,49.49,'2021-05-03','04:00:00',26,'O3'),(5003,2.52,'2021-05-03','04:00:00',26,'SH2'),(5004,0.15,'2021-05-03','04:00:00',26,'CO'),(5005,15.61,'2021-05-03','04:00:00',26,'NO2'),(5006,14.29,'2021-05-03','03:00:00',26,'NO2'),(5007,0.16,'2021-05-03','03:00:00',26,'CO'),(5008,1.75,'2021-05-03','03:00:00',26,'SH2'),(5009,71.57,'2021-05-03','03:00:00',26,'O3'),(5010,13.4,'2021-05-03','02:00:00',26,'NO2'),(5011,68.58,'2021-05-03','02:00:00',26,'O3'),(5012,1.71,'2021-05-03','02:00:00',26,'SH2'),(5013,0.16,'2021-05-03','02:00:00',26,'CO'),(5014,1.94,'2021-05-03','01:00:00',26,'SH2'),(5015,0.16,'2021-05-03','01:00:00',26,'CO'),(5016,61.97,'2021-05-03','01:00:00',26,'O3'),(5017,15.67,'2021-05-03','01:00:00',26,'NO2'),(5018,0.15,'2021-05-03','00:00:00',26,'CO'),(5019,17.18,'2021-05-03','00:00:00',26,'NO2'),(5020,68.13,'2021-05-03','00:00:00',26,'O3'),(5021,2.07,'2021-05-03','00:00:00',26,'SH2');
/*!40000 ALTER TABLE `medicion` ENABLE KEYS */;
UNLOCK TABLES;

--
-- Table structure for table `tipocontaminante`
--

DROP TABLE IF EXISTS `tipocontaminante`;
/*!40101 SET @saved_cs_client     = @@character_set_client */;
/*!50503 SET character_set_client = utf8mb4 */;
CREATE TABLE `tipocontaminante` (
  `tipoContaminante` varchar(5) NOT NULL,
  `descripcion` varchar(3000) DEFAULT NULL,
  `unidad` varchar(45) DEFAULT NULL,
  PRIMARY KEY (`tipoContaminante`)
) ENGINE=InnoDB DEFAULT CHARSET=utf8;
/*!40101 SET character_set_client = @saved_cs_client */;

--
-- Dumping data for table `tipocontaminante`
--

LOCK TABLES `tipocontaminante` WRITE;
/*!40000 ALTER TABLE `tipocontaminante` DISABLE KEYS */;
INSERT INTO `tipocontaminante` VALUES ('CO','El monóxido de carbono también denominado óxido de carbono (II), gas carbonoso y anhídrido carbonoso (los dos últimos cada vez más en desuso) cuya fórmula química es CO, es un gas inodoro, incoloro y altamente tóxico. Puede causar la muerte cuando se respira en niveles elevados. Se produce por la combustión deficiente de sustancias como gas, gasolina, keroseno, carbón, petróleo, tabaco o madera.','mg/m3'),('NO2','El dióxido de nitrógeno u óxido de nitrógeno (IV) (NO2), es un compuesto químico formado por los elementos nitrógeno y oxígeno, uno de los principales contaminantes entre los varios óxidos de nitrógeno.El dióxido de nitrógeno es de color marrón-amarillento. Se forma como subproducto en los procesos de combustión a altas temperaturas, como en los vehículos motorizados y las plantas eléctricas. Por ello es un contaminante frecuente en zonas urbanas.','ug/m3'),('O3','El ozono (O3) es una sustancia cuya molécula está compuesta por tres átomos de oxígeno, formada al disociarse los 2 átomos que componen el gas de oxígeno. Cada átomo de oxígeno liberado se une a otra molécula de Oxígeno (O2), formando moléculas de Ozono (O3).A temperatura y presión ambientales el ozono es un gas de olor acre y generalmente incoloro, pero en grandes concentraciones puede volverse ligeramente azulado. Si se respira en grandes cantidades, puede provocar una irritación en los ojos y/o garganta, la cual suele pasar después de respirar aire fresco por algunos minutos.','ug/m3'),('PM10','Se denomina PM10 (del ingles Particulate Matter) a pequeñas partículas sólidas o líquidas de polvo, cenizas, hollín, partículas metálicas, cemento o polen, dispersas en la atmósfera, y cuyo diámetro es menor que 10 µm (1 micrómetro corresponde la milésima parte de 1 milímetro). Están formadas principalmente por compuestos inorgánicos como silicatos y aluminatos, metales pesados entre otros, y material orgánico asociado a partículas de carbono (hollín).La contaminación atmosférica por material particulado es la alteración de la composición natural de la atmósfera como consecuencia de la entrada en suspensión de partículas, ya sea por causas naturales o por la acción del hombre (causas antropogénicas).','ug/m3'),('SH2','El sulfuro de hidrógeno se forma a partir de una reacción biológica en sistemas de desagüe o plantas de tratamiento de aguas residuales. El SH2 se genera a través de una fermentación anaeróbica (sin oxígeno) de materia orgánica presente en aguas residuales.','ug/m3'),('SO2','El dióxido de azufre es un óxido cuya fórmula molecular es SO2. Es un gas incoloro con un característico olor asfixiante. Se trata de una sustancia reductora que, con el tiempo, el contacto con el aire y la humedad, se convierte en trióxido de azufre. La velocidad de esta reacción en condiciones normales es baja.En agua se disuelve formando una disolución ácida. Puede ser concebido como el anhidruro de un hipotético ácido sulfuroso (H2SO3).','ug/m3');
/*!40000 ALTER TABLE `tipocontaminante` ENABLE KEYS */;
UNLOCK TABLES;

--
-- Table structure for table `umbral`
--

DROP TABLE IF EXISTS `umbral`;
/*!40101 SET @saved_cs_client     = @@character_set_client */;
/*!50503 SET character_set_client = utf8mb4 */;
CREATE TABLE `umbral` (
  `tipoContaminante` varchar(5) NOT NULL,
  `etiqueta` varchar(45) NOT NULL,
  `min` double NOT NULL,
  `max` double NOT NULL,
  PRIMARY KEY (`tipoContaminante`,`etiqueta`),
  KEY `fk_Umbral_TipoSensor1_idx` (`tipoContaminante`),
  CONSTRAINT `fk_Umbral_TipoSensor1` FOREIGN KEY (`tipoContaminante`) REFERENCES `tipocontaminante` (`tipoContaminante`)
) ENGINE=InnoDB DEFAULT CHARSET=utf8;
/*!40101 SET character_set_client = @saved_cs_client */;

--
-- Dumping data for table `umbral`
--

LOCK TABLES `umbral` WRITE;
/*!40000 ALTER TABLE `umbral` DISABLE KEYS */;
INSERT INTO `umbral` VALUES ('CO','Buena',0,50),('NO2','Buena',0,40),('NO2','Razonablemente buena',40,90),('NO2','Regular',90,120),('O3','Buena',0,50),('O3','Razonablemente buena',50,100),('O3','Regular',100,130),('PM10','Buena',0,20),('PM10','Desfavorable',50,100),('PM10','Extremadamente desfavorable',150,1200),('PM10','Muy desfavorable',100,150),('PM10','Razonablemente buena',20,40),('PM10','Regular',40,50),('SH2','Buena',0,15),('SH2','Razonablemente buena',15,25),('SH2','Regular',25,80),('SO2','Buena',0,40);
/*!40000 ALTER TABLE `umbral` ENABLE KEYS */;
UNLOCK TABLES;
/*!40103 SET TIME_ZONE=@OLD_TIME_ZONE */;

/*!40101 SET SQL_MODE=@OLD_SQL_MODE */;
/*!40014 SET FOREIGN_KEY_CHECKS=@OLD_FOREIGN_KEY_CHECKS */;
/*!40014 SET UNIQUE_CHECKS=@OLD_UNIQUE_CHECKS */;
/*!40101 SET CHARACTER_SET_CLIENT=@OLD_CHARACTER_SET_CLIENT */;
/*!40101 SET CHARACTER_SET_RESULTS=@OLD_CHARACTER_SET_RESULTS */;
/*!40101 SET COLLATION_CONNECTION=@OLD_COLLATION_CONNECTION */;
/*!40111 SET SQL_NOTES=@OLD_SQL_NOTES */;



-- Nombrar el nombre de las estaciones que miden la contaminacion para NO2

SELECT * FROM medicion;

Select distinct nombre
from estacion inner join medicion on estacion.id = medicion.idestacion
where medicion.tipoContaminante = 'NO2';

SELECT nombre
FROM estacion,tipocontaminante
WHERE tipoContaminante="NO2"

-- Mostra el numero de estaciones que miden la contaminacion para NO2

SELECT count(*)
from (
SELECT distinct idestacion, tipocontaminante
from Medicion
where tipoContaminante = 'NO2') as TablaDerivada;


select count(*) 
from estacion, tipocontaminante 
where tipocontaminante = 'NO2'

-- Mostrar para cada tipo de contaminante el numero de estaciones que mide su nivel

SELECT count(*), tipoContaminante
from (
Select distinct medicion.idestacion, medicion.tipoContaminante 
from Medicion) as Tabla_derivada
group by TipoContaminante;


-- Obtener todos los datos de las medidas realizadas el dia 3/05/2021 para NO2, ordenado por fecha de forma ascendente

select *
from medicion inner join estacion on estacion.id = medicion.idEstacion
where medicion.fecha = '2021-05-03' and medicion.tipoContaminante = 'NO2'
order by medicion.hora asc;

-- Mostrar el nombre de las estaciones que tengan mediciones para el contaminante SH2 (sulfuro de hidrogeno)

Select distinct nombre
from estacion inner join medicion on estacion.id = medicion.idestacion
where medicion.tipoContaminante = 'SH2';


-- Calcular la contaminacion media diaria para el gas SH2 en cada dia (mostrar la fecha) y estacion (su nombre)

Select medicion.fecha, estacion.nombre, avg(valor)
from estacion inner join medicion on estacion.id = medicion.idestacion
where medicion.tipoContaminante = 'SH2'
group by medicion.fecha, estacion.nombre;


-- Modificar la consulta anterior para mostrar la contaminacion media diaria de gas SH2 por dia y estacion 
-- solo cuando se haya superado un umbral de 10

Select medicion.fecha, estacion.nombre, avg(valor)
from estacion inner join medicion on estacion.id = medicion.idestacion
where medicion.tipoContaminante = 'SH2'
group by medicion.fecha, estacion.nombre
Having avg(valor)> 10;


-- Mostrar nombre de estacion, valor, tipo contaminante y unidad de las mediciones realizadas el 3/05/2021

select estacion.nombre, medicion.valor, medicion.tipocontaminante, tip.unidad
from estacion inner join medicion on estacion.id = medicion.idestacion
inner join tipocontaminante tip on tip.tipoContaminante = medicion.tipoContaminante
where Medicion.fecha = '2021-05-03';